Lake_Name_Standardized,Date,Station name,Station code,water_bodies,DO (mg/L),pH,Conductivity (mS/cm),BOD (mg/L),Nitrate-N (mg/L),Nitrite-N (mg/L),Fecal Coliform (MPN/100ml),Total Coliform (MPN/100ml),Saprobity index,Diversity index,Turbidity (NTU),Phen-Alk. (mg/L),Total Alk. (mg/L),Chloride (mg/L),COD (mg/L),TKN (mg/L),Ammonia-N  (mg/L),Hardness (mg/L),Calcium (mg/L),Magnesium (mg/L),Sulphate (mg/L),Sodium (mg/L),TDS (mg/L),TFS (mg/L),TSS (mg/L),Phosphate (mg/L),Boron (mg/L),Potassium (mg/L),Fluoride (mg/L),sodium %,SAR,Source_File,Nitrate,COD,Free Ammonia  (mg/L),P/R Ratio,Total Phosphate (mg/L),Ortho Phosphate (mg/L),Any Other,Free Ammonia (mg/L),Orthophosphate (mg/L),Arsenic,Cadmium (Cd),Copper (Cu),Lead (Pb),Total Chromium (T. Cr),Nickel (Ni),Zinc (Zn),Iron (Fe),% Sodium,Unnamed: 36,Unnamed: 37,Free Ammonia,Ammonia  (mg/L),Cadmium,Copper,Lead,Total Chromium,Nickel,Zinc,Iron,COD (mg/L).1,Sodium %,Faecal streptococci,Fecal streptococci,Unnamed: 38,District,RO,Total coliform (MPN/100ml),Total Hardness as CaCO3(mg/L),Calcium Hardness as CaCo3(mg/L),Calcium as Ca+2(mg/L),Magnesium Hardness as CaCo3 (mg/L),Magnesium as Mg+2(mg/L),Ammonia,Ammonia-N (mg/L),Total Hardness as CaCO3 (mg/L),Calcium Carbonate as CaCO3,Magnesium Carbonate as CaCO3,Conductivity (Î¼s/cm),Unnamed: 41,Unnamed: 42,Unnamed: 43,Unnamed: 44,Unnamed: 45,Responsible Zonal Lab,Monitoring date,Sampling time,Use of Water in Downstream,Human activities,Major polluting,Visible Effluent,Weather,Depth (mtrs.),Floating matter,Colour,Odour,Flow (m3/Sec),Water Temp. (OC),Unnamed: 64,Unnamed: 56,Unnamed: 57,Unnamed: 58,Classes,Remarks,Unnamed: 48
Osman Sagar (Gandipet),January 2018,"U/s of Musi at Gandipet (Osmansagar lake) (BM-Jan, Apr & Oct)",1172,River Musi,5.1,7.78,326.0,BDL,0.2,,Nil,20.0,,,4.0,BDL,122.0,22.0,8.0,Less than 1,**,110.0,24.0,12.0,6.0,15.0,191.0,140.0,4.0,0.51,0.5,4.0,0.84,21.81,0.62,1.csv,,,,,,,,,,,,,,,,,,,,,,,,,,,,,,,,,,,,,,,,,,,,,,,,,,,,,,,,,,,,,,,,,,,,,,,,,,
Hussain Sagar,January 2018,Hussain sagar Lake,1391,Lakes and Tanks,Less than  0.06,7.49,1412.0,15,6.2,,20,440.0,,,10.0,BDL,322.0,154.0,78.0,1.2,Less than  1,390.0,116.0,24.3,70.0,108.0,789.0,618.0,70.0,2.1,0.12,10.0,0.85,36.5,2.37,1.csv,,,,,,,,,,,,,,,,,,,,,,,,,,,,,,,,,,,,,,,,,,,,,,,,,,,,,,,,,,,,,,,,,,,,,,,,,,
Himayat Sagar,January 2018,"Himayathsagar lake (BM-Jan, Apr & Oct)",1789,Lakes and Tanks,5.6,8.28,312.0,1,0.2,,Nil,20.0,,,10.0,20,120.0,26.0,6.0,Less than 1,**,142.0,26.4,18.47,10.0,12.0,188.0,135.0,6.0,0.7,Less than  0.1,2.0,0.99,15.12,0.44,1.csv,,,,,,,,,,,,,,,,,,,,,,,,,,,,,,,,,,,,,,,,,,,,,,,,,,,,,,,,,,,,,,,,,,,,,,,,,,
Osman Sagar (Gandipet),October 2018,"U/s of Musi at Gandipet (Osmansagar lake) (BM-Jan, Apr & Oct)",1172,River Musi,6,7.07,381.0,3,,,5,24,,,3,0,120.0,40.0,24.0,BDL,,135.0,26.0,17.01,20.0,28.0,237.0,,5,0.03,BDL,5.0,0.72,29.96,1.04,10.csv,0.81,,,,,,,,,,,,,,,,,,,,,,,,,,,,,,,,,,,,,,,,,,,,,,,,,,,,,,,,,,,,,,,,,,,,,,,,,
Hussain Sagar,October 2018,Hussain sagar Lake,1391,GHMC Areas Lakes /Tanks/ Cheruvus,0.7,7.27,1455.0,14,,,170,540,,,1.79,0,350.0,220.0,86.0,2.8,,350.0,70.0,42.52,112.0,185.0,891.0,,25,2.74,BDL,26.0,0.74,51.06,4.29,10.csv,26.38,,,,,,,,,,,,,,,,,,,,,,,,,,,,,,,,,,,,,,,,,,,,,,,,,,,,,,,,,,,,,,,,,,,,,,,,,
Himayat Sagar,October 2018,"Himayathsagar lake (BM-Jan, Apr & Oct)",1789,HMDA Area Lakes,6,8.26,333.0,2,,,Nil,10,,,2,25,120.0,34.0,20.0,BDL,,105.0,24.0,10.94,9.0,31.0,201.0,,9,0.01,BDL,5.0,0.33,37.57,1.31,10.csv,0.5,,,,,,,,,,,,,,,,,,,,,,,,,,,,,,,,,,,,,,,,,,,,,,,,,,,,,,,,,,,,,,,,,,,,,,,,,
Osman Sagar (Gandipet),November 2018,"U/s of Musi at Gandipet (Osmansagar lake) (BM-Jan, Apr & Oct)",1172,River Musi,5.3,7.78,380.0,2.0,,,NIL,8,,,4.55,0.0,135.0,25.0,10.0,BDL,,140.0,28.0,17.01,22.0,22.0,236.0,,6.0,0.24,BDL,6.0,0.45,24.46,0.57,11.csv,0.73,,,,,,,,,,,,,,,,,,,,,,,,,,,,,,,,,,,,,,,,,,,,,,,,,,,,,,,,,,,,,,,,,,,,,,,,,
Hussain Sagar,November 2018,Hussain sagar Lake,1391,GHMC Areas Lakes /Tanks/ Cheruvus,Less than  0.06,7.77,1427.0,16.0,,,24,380,,,12.9,0.0,330.0,201.0,80.0,2.8,,335.0,56.0,47.38,92.0,166.0,868.0,,16.0,2.6,0.01,13.0,0.95,50.65,2.79,11.csv,1.65,,,,,,,,,,,,,,,,,,,,,,,,,,,,,,,,,,,,,,,,,,,,,,,,,,,,,,,,,,,,,,,,,,,,,,,,,
Himayat Sagar,November 2018,"Himayathsagar lake (BM-Jan, Apr & Oct)",1789,HMDA Area Lakes,6.6,7.76,378.0,2.0,,,NIL,17,,,3.0,0.0,120.0,32.0,10.0,BDL,,135.0,24.0,18.22,22.0,22.0,234.0,,5.0,0.35,BDL,5.0,0.56,25.27,0.58,11.csv,0.36,,,,,,,,,,,,,,,,,,,,,,,,,,,,,,,,,,,,,,,,,,,,,,,,,,,,,,,,,,,,,,,,,,,,,,,,,
Osman Sagar (Gandipet),December 2018,"U/s of Musi at Gandipet (Osmansagar lake) (BM-Jan, Apr & Oct)",1172,River Musi,5.8,7.41,366.0,2.0,,,NIL,19.0,,,6.26,BDL,95.0,41.0,,Less than 0.1,,110.0,18.0,15.79,15.0,28.0,222.0,,4.0,0.95,0.01,2.0,0.73,34.93,1.16,12.csv,0.65,10.0,,,,,,,,,,,,,,,,,,,,,,,,,,,,,,,,,,,,,,,,,,,,,,,,,,,,,,,,,,,,,,,,,,,,,,,,
Hussain Sagar,December 2018,Hussain sagar Lake,1391,GHMC Areas Lakes /Tanks/ Cheruvus,2.2,7.64,1471.0,10.0,,,32,460.0,,,16.86,BDL,325.0,176.0,,3.2,,370.0,84.0,38.0,112.0,142.0,895.0,,20.0,2.86,0.12,14.0,0.75,44.42,3.22,12.csv,2.6,84.0,,,,,,,,,,,,,,,,,,,,,,,,,,,,,,,,,,,,,,,,,,,,,,,,,,,,,,,,,,,,,,,,,,,,,,,,
Himayat Sagar,December 2018,"Himayathsagar lake (BM-Jan, Apr & Oct)",1789,HMDA Area Lakes,6,7.48,348.0,2.0,,,NIL,20.0,,,6.0,BDL,105.0,29.0,,Less than 0.1,,110.0,22.0,10.94,15.0,23.0,209.0,,6.0,0.12,0.01,4.0,0.6,32.11,1.0,12.csv,0.29,10.0,,,,,,,,,,,,,,,,,,,,,,,,,,,,,,,,,,,,,,,,,,,,,,,,,,,,,,,,,,,,,,,,,,,,,,,,
Osman Sagar (Gandipet),January 2019,U/s of Musi at Gandipet (Osmansagar lake),1172,River Musi,6.2,7.25,379.0,2.0,,0.1,NIL,24.0,,,60.0,0.0,110.0,46.0,12.0,4.0,,120.0,34.0,8.5,11.0,30.0,230.0,-,5.0,0.02,0.09,2.38,0.6,34.56,1.19,13.csv,0.0,,0.02,,,,,,,,,,,,,,,,,,,,,,,,,,,,,,,,,,,,,,,,,,,,,,,,,,,,,,,,,,,,,,,,,,,,,,,
Hussain Sagar,January 2019,Hussain sagar Lake,1391,GHMC Areas Lakes /Tanks/ Cheruvus,2.2,7.6,1464.0,10.0,,0.2,26,380.0,,,18.0,0.0,350.0,186.0,66.0,4.0,,405.0,94.0,41.31,105.0,143.0,840.0,-,10.0,2.49,0.16,10.0,0.95,42.54,3.08,13.csv,2.46,,0.18,,,,,,,,,,,,,,,,,,,,,,,,,,,,,,,,,,,,,,,,,,,,,,,,,,,,,,,,,,,,,,,,,,,,,,,
Himayat Sagar,January 2019,Himayathsagar lake,1789,HMDA Area Lakes,6,7.2,380.0,2.0,,0.0,NIL,22.0,,,60.0,15.0,110.0,42.0,12.0,4.0,,140.0,32.0,14.58,18.0,22.0,222.0,-,5.0,0.32,0.09,2.3,0.54,24.97,0.81,13.csv,0.0,,0.0,,,,,,,,,,,,,,,,,,,,,,,,,,,,,,,,,,,,,,,,,,,,,,,,,,,,,,,,,,,,,,,,,,,,,,,
Hussain Sagar,February 2019,Hussain sagar Lake,1391,GHMC Areas Lakes /Tanks/ Cheruvus,2,7.54,1480.0,12.0,,Not Analysed,21,280.0,Not Analysed,Not Analysed,16.0,0.0,356.0,184.0,80.0,4.0,,385.0,84.0,42.52,98.0,152.0,932.0,Not Analysed,12,,0.13,6.0,0.84,45.56,3.36,14.csv,3.62,,Not Analysed,Not Analysed,2.36,Not Analysed,,,,,,,,,,,,,,,,,,,,,,,,,,,,,,,,,,,,,,,,,,,,,,,,,,,,,,,,,,,,,,,,,,,,
Osman Sagar (Gandipet),February 2019,U/s of Musi at Gandipet (Osmansagar lake),1172,HMDA Area Lakes,6,8.29,402.0,2.0,,Not Analysed,Less than 1.8,20.0,Not Analysed,Not Analysed,5.0,15.0,140.0,34.0,10.0,4.0,,130.0,24.0,17.01,10.0,30.0,250.0,Not Analysed,5,,0.09,2.0,0.6,32.83,1.14,14.csv,0.0,,Not Analysed,Not Analysed,0.02,Not Analysed,,,,,,,,,,,,,,,,,,,,,,,,,,,,,,,,,,,,,,,,,,,,,,,,,,,,,,,,,,,,,,,,,,,,
Himayat Sagar,February 2019,Himayathsagar lake,1789,HMDA Area Lakes,5.8,8.37,389.0,2.0,,Not Analysed,Less than 1.8,22.0,Not Analysed,Not Analysed,6.0,20.0,135.0,35.0,10.0,4.0,,140.0,32.0,14.58,14.0,27.0,242.0,Not Analysed,6,,0.09,2.0,0.42,29.06,0.99,14.csv,0.0,,Not Analysed,Not Analysed,0.21,Not Analysed,,,,,,,,,,,,,,,,,,,,,,,,,,,,,,,,,,,,,,,,,,,,,,,,,,,,,,,,,,,,,,,,,,,,
Hussain Sagar,March 2019,Hussain sagar Lake,1391,GHMC Areas Lakes /Tanks/ Cheruvus,2,7.62,1496.0,10.0,,,26,240.0,,,20.0,BDL,360.0,190.0,82.0,4.0,,395.0,84.0,44.95,109.0,160.0,884.0,,14.0,,0.2,4.0,0.84,46.36,3.49,15.csv,4.32,,,,2.2,,,,,,,,,,,,,,,,,,,,,,,,,,,,,,,,,,,,,,,,,,,,,,,,,,,,,,,,,,,,,,,,,,,,,
Osman Sagar (Gandipet),March 2019,U/s of Musi at Gandipet (Osmansagar lake),1172,HMDA,5.8,8.1,410.0,2.0,,,Less than 1.8,22.0,,,6.0,BDL,135.0,38.0,10.0,4.0,,140.0,26.0,18.22,17.0,30.0,260.0,,8.0,,0.09,2.0,0.52,31.25,1.1,15.csv,0.0,,,,0.04,,,,,,,,,,,,,,,,,,,,,,,,,,,,,,,,,,,,,,,,,,,,,,,,,,,,,,,,,,,,,,,,,,,,,
Himayat Sagar,March 2019,Himayathsagar lake,1789,HMDA,5.8,8.26,420.0,2.0,,,Less than 1.8,22.0,,,6.0,15,140.0,38.0,10.0,4.0,,150.0,38.0,13.37,16.0,27.0,256.0,,6.0,,0.09,2.0,0.38,27.69,0.96,15.csv,0.0,,,,0.26,,,,,,,,,,,,,,,,,,,,,,,,,,,,,,,,,,,,,,,,,,,,,,,,,,,,,,,,,,,,,,,,,,,,,
Osman Sagar (Gandipet),April 2019,U/s of Musi at Gandipet (Osmansagar lake),1172, Lakes /Tanks/ Cheruvus,5.8,8.1,420.0,2,,,Less than 1.8,20,,,4.0,BDL,130.0,40.0,10.0,4,,145.0,26.0,19.44,19.0,28.0,256.0,,6.0,0.02,0.09,2.0,0.64,29.2,0.71,16.csv,0.0,,,,,,,,,,Less than 0.003,Less than 0.004,Less than 0.012,Less than 0.005,Less than 0.012,Less than 0.003,0.12,,,,,,,,,,,,,,,,,,,,,,,,,,,,,,,,,,,,,,,,,,,,,,,,,,,,,,,,,
Hussain Sagar,April 2019,Hussain sagar Lake,1391, Lakes /Tanks/ Cheruvus,2,7.52,1440.0,10,,,20,280,,,18.0,BDL,365.0,182.0,76.0,2.2,,395.0,116.0,25.52,82.0,145.0,896.0,,12.0,2.13,0.13,4.0,1.2,44.07,2.24,16.csv,3.82,,,,,,,,,,Less than 0.003,Less than 0.004,0.07,Less than 0.005,Less than 0.012,0.06,0.04,,,,,,,,,,,,,,,,,,,,,,,,,,,,,,,,,,,,,,,,,,,,,,,,,,,,,,,,,
Himayat Sagar,April 2019,Himayathsagar lake,1789, Lakes /Tanks/ Cheruvus,5.6,8.16,410.0,2,,,Less than 1.8,22,,,6.0,BDL,130.0,42.0,10.0,4,,155.0,26.0,21.87,20.0,24.0,258.0,,4.0,0.22,0.09,2.0,0.46,24.88,0.59,16.csv,0.0,,,,,,,,,,Less than 0.003,Less than 0.004,0.01,Less than 0.005,Less than 0.012,0.02,0.12,,,,,,,,,,,,,,,,,,,,,,,,,,,,,,,,,,,,,,,,,,,,,,,,,,,,,,,,,
Osman Sagar (Gandipet),May 2019,U/s of Musi at Gandipet (Osmansagar lake),1172,Lakes  & Tanks,5.9,8.0,454.0,3.0,,BDL,Less than 1.8,8.0,Not Analysed,Not Analysed,8,18,142,32,40.0,11,,180,24.0,29.0,9,220.0,294,-,5,,0.09,7.0,0.4,,7.1,17.csv,9,,0.02,Not Analysed,0.05,-,,,,,,,,,,,,-,,,,,,,,,,,,,,,,,,,,,,,,,,,,,,,,,,,,,,,,,,,,,,,,,,,,,,,,
Hussain Sagar,May 2019,Hussain sagar Lake,1391,Lakes  & Tanks,6.2,7.69,1556.0,35.0,,0.09,Less than 1.8,540.0,Not Analysed,Not Analysed,42,-,263,164,174.0,28,,400,85.0,46.0,70,108.0,1059,489,142,,BDL,32.0,BDL,,2.3,17.csv,22,,0.54,Not Analysed,0.04,-,,,,,,,,,,,,,,,,,,,,,,,,,,,,,,,,,,,,,,,,,,,,,,,,,,,,,,,,,,,,,,,,,,,,
Himayat Sagar,May 2019,Himayathsagar lake,1789,Lakes  & Tanks,4.9,8.0,444.0,3.0,,Not Analysed,BDL,22.0,Not Analysed,Not Analysed,6,BDL,145,42,10.0,BDL,,155,32.0,18.22,16,30.0,280,Not Analysed,4,,0.09,2.2,0.32,,0.74,17.csv,0.22,,Not Analysed,Not Analysed,0.26,Not Analysed,,,,,,,,,,,,29.24,,,,,,,,,,,,,,,,,,,,,,,,,,,,,,,,,,,,,,,,,,,,,,,,,,,,,,,,
Osman Sagar (Gandipet),June 2019,U/s of Musi at Gandipet (Osmansagar lake),1172,Lakes  & Tanks,5.2,8.1,478.0,3.0,,2.0,Less than  2,22,,,,8,160.0,,16.0,,,172.0,32.0,22.0,0,114.0,320.0,210,20.0,,0.09,5.0,0.24,,,18.csv,7.0,,,,0.3,Not Analysed,,,,,,,,,,,,,,,,,,,,,,,,,,,,,,,,,,,,,,,,,,,,,,,,,,,,,,,,,,,,,,,,,,,,
Hussain Sagar,June 2019,Hussain sagar Lake,1391,Lakes  & Tanks,3.3,8.1,1607.0,18.0,,2.0,94,540,,,,4,284.0,394.0,73.0,11,,344.0,83.0,33.0,53,179.0,1061.0,720,31.0,,0.09,14.0,0.14,,4.2,18.csv,8.0,,0.25,,0.14,Not Analysed,,,,,,,,,,,,,,,,,,,,,,,,,,,,,,,,,,,,,,,,,,,,,,,,,,,,,,,,,,,,,,,,,,,,
Himayat Sagar,June 2019,Himayathsagar lake,1789,Lakes  & Tanks,5,8.0,438.0,3.0,,,Less than 1.8,13,,,,16,136.0,44.0,40.0,4,,172.0,18.0,31.0,BDL,143.0,294.0,195,,,0.09,4.0,0.2,,4.7,18.csv,0.01,,0.02,,0.3,,,,,,,,,,,,, ,,,,,,,,,,,,,,,,,,,,,,,,,,,,,,,,,,,,,,,,,,,,,,,,,,,,,,,,
Osman Sagar (Gandipet),July 2019,U/s of Musi at Gandipet (Osmansagar lake),1172,Lakes  & Tanks,5.1,6.73,540.0,3.0,,BDL,5,33,,,12.0,4,360.0,47.0,29.0,11,,168.0,32.0,21.0,28,89.0,346.0,166.0,10,,0.09,9.0,0.8,,2.5,19.csv,8.0,,,,0.14,-,,,,,,,,,,,,47.0,,,BDL,,,,,,,,,,,,,,,,,,,,,,,,,,,,,,,,,,,,,,,,,,,,,,,,,,,,,
Hussain Sagar,July 2019,Hussain sagar Lake,1391,Lakes  & Tanks,3.8,7.6,1786.0,32.0,,BDL,33,280,,,38.0,BDL,272.0,188.0,108.0,34,,400.0,96.0,39.0,77,200.0,1107.0,444.0,68,,0.09,36.0,BDL,,4.3,19.csv,,,,,0.21,,,,,,,,,,,,,49.0,,,0.47,,,,,,,,,,,,,,,,,,,,,,,,,,,,,,,,,,,,,,,,,,,,,,,,,,,,,
Himayat Sagar,July 2019,Himayathsagar lake,1789,Lakes  & Tanks,5.1,8.2,430.0,3.0,,-,8,25,,,,14,120.0,37.0,20.0,BDL,,240.0,46.0,30.0,BDL,105.0,266.0,201.0,Less than 5,,0.09,7.0,0.15,,3.8,19.csv,7.0,,,,0.18,,,,,,,,,,,,,59.0,,,0.17,,,,,,,,,,,,,,,,,,,,,,,,,,,,,,,,,,,,,,,,,,,,,,,,,,,,,
Osman Sagar (Gandipet),February 2018,"U/s of Musi at Gandipet (Osmansagar lake) (BM-Jan, Apr & Oct)",1172,River Musi,5,8.24,323.0,BDL,0.5,,NIL,18.0,,,9.35,10,120.0,26.0,14.0,Less than 1,,140.0,24.0,19.44,8.0,10,180.0,145.0,12.0,0.11,Less than  0.1,4.08,0.36,12.8,0.37,2.csv,,,,,,,,,,,,,,,,,,,,,,,,,,,,,,,,,,,,,,,,,,,,,,,,,,,,,,,,,,,,,,,,,,,,,,,,,,
Hussain Sagar,February 2018,Hussain sagar Lake,1391,Lakes and Tanks,2,7.67,1468.0,12,7.2,,30,480.0,,,4.12,BDL,340.0,180.0,82.0,1.2,Less than  1,420.0,155.0,41.31,80.0,120,954.0,765.0,26.0,6.38,Less than  0.1,8.6,1.31,31.23,2.21,2.csv,,,,,,,,,,,,,,,,,,,,,,,,,,,,,,,,,,,,,,,,,,,,,,,,,,,,,,,,,,,,,,,,,,,,,,,,,,
Himayat Sagar,February 2018,"Himayathsagar lake (BM-Jan, Apr & Oct)",1789,Lakes and Tanks,5.1,8.29,322.0,2,0.23,,NIL,22.0,,,5.71,18,115.0,32.0,10.0,Less than 1,Less than 1,140.0,34.0,13.37,14.0,15,212.0,170.0,6.0,0.05,Less than  0.1,4.07,0.37,18.08,0.55,2.csv,,,,,,,,,,,,,,,,,,,,,,,,,,,,,,,,,,,,,,,,,,,,,,,,,,,,,,,,,,,,,,,,,,,,,,,,,,
Osman Sagar (Gandipet),August 2019,U/s of Musi at Gandipet (Osmansagar lake),1172,Lakes  & Tanks,5.9,7.8,465.0,3.0,,0.6,8,49,,,14,BDL,244.0,56.0,12.0,BDL,,204.0,18.0,20.0,7.1,118.0,298.0,132.0,15.0,,0.09,9.0,0.2,,5.0,20.csv,7.0,,,,0.2,,,BDL,,,,,,,,,,69.0,,,,,,,,,,,,,,,,,,,,,,,,,,,,,,,,,,,,,,,,,,,,,,,,,,,,,,,,
Hussain Sagar,August 2019,Hussain sagar Lake,1391,Lakes  & Tanks,3.6,7.93,1433.0,16.0,,1.97,280,Greater than 1600,,,58,BDL,440.0,203.0,57.0,76,,384.0,30.0,36.0,47.0,160.0,798.0,463.0,74.0,,0.09,26.0,0.12,,5.1,20.csv,18.0,,,,2.7,,,0.77,,,,,,,,,,61.0,,,,,,,,,,,,,,,,,,,,,,,,,,,,,,,,,,,,,,,,,,,,,,,,,,,,,,,,
Himayat Sagar,August 2019,Himayathsagar lake,1789,Lakes  & Tanks,4.8,7.7,437.0,2.5,,BDL,Less than  2,17,,,18,BDL,236.0,32.0,8.0,BDL,,264.0,17.0,43.0,4.2,128.0,297.0,145.0,20.0,,0.09,10.0,0.1,,3.7,20.csv,6.0,,,,0.1,,,BDL,,,,,,,,,,54.0,,,,,,,,,,,,,,,,,,,,,,,,,,,,,,,,,,,,,,,,,,,,,,,,,,,,,,,,
Osman Sagar (Gandipet),September 2019,U/s of Musi at Gandipet (Osmansagar lake),1172,Lakes  & Tanks,6.2,8.31,445.0,3.0,,0.8,8,94,,,9.22,BDL,228.0,48.0,14.0,BDL,,228.0,27.0,39.0,18.94,37.0,279.0,164.0,16.0,,BDL,7.35,0.82,,1.1,21.csv,5.41,,0.1,,0.05,,,,,,,,,,,,,25.0,,,,,,,,,,,,,,,,,,,,,,,,,,,,,,,,,,,,,,,,,,,,,,,,,,,,,,,,
Hussain Sagar,September 2019,Hussain sagar Lake,1391,Lakes  & Tanks,5.1,7.3,1222.0,25.0,,BDL,350,Greater than 1600,,,27.0,BDL,352.0,157.0,102.0,50,,324.0,83.0,28.0,52.0,107.0,779.0,404.0,56.0,,BDL,16.0,0.24,,2.6,21.csv,21,,0.19,,0.4,,,,,,,,,,,,,40.0,,,,,,,,,,,,,,,,,,,,,,,,,,,,,,,,,,,,,,,,,,,,,,,,,,,,,,,,
Himayat Sagar,September 2019,Himayathsagar lake,1789,Lakes  & Tanks,5.4,7.5,415.0,2.9,,BDL,8,79,,,14.0,BDL,192.0,28.0,49.0,BDL,,188.0,30.0,27.0,4.2,84.0,253.0,136.0,28.0,,BDL,6.0,0.1,,1.4,21.csv,9,,BDL,,0.2,,,,,,,,,,,,,32.0,,,,,,,,,,,,,,,,,,,,,,,,,,,,,,,,,,,,,,,,,,,,,,,,,,,,,,,,
Osman Sagar (Gandipet),October 2019,U/s of Musi at Gandipet (Osmansagar lake),1172,Lakes & Tanks ,5.6,7.8,405.0,2.2,,Not Analysed,Less than 2,20,Not analysed,Not analysed,4.0,Less than 1,125.0,36,8.0,Less than 1,,136.0,24.0,18.47,18.0,26.0,260.0,Not aNot analysedlysed,4.0,,Less than 0.01,2.0,Less than 0.01,,0.97,22.csv,0.0,,,Not analysed,Less than 0.01,Not analysed,,,,,,,,,,,,28.83,,,,Not Analysed,,,,,,,,,,,,,,,,,,,,,,,,,,,,,,,,,,,,,,,,,,,,,,,,,,,,
Himayat Sagar,October 2019,Himayathsagar lake,1789,Lakes & Tanks ,4.6,7.63,424.0,3,,Less than .01,8,79,,,12.0,Less than 1,136.0,39,24.0,Less than 1,,276.0,45.0,40.0,17.0,28.0,260.0,150,12.0,,Less than 0.01,6.0,Less than 0.01,,0.73,22.csv,6.0,,,,Less than 0.01,Not analysed,,,,,,,,,,,,17.5,,,,Less than 1,,,,,,,,,,,,,,,,,,,,,,,,,,,,,,,,,,,,,,,,,,,,,,,,,,,,
Hussain Sagar,October 2019,Hussain sagar Lake,1391,Lakes & Tanks ,Less than 0.1,7.24,1080.0,20,,Less than 0.01,350,Less than 1600,,,32.0,Less than 1,248.0,110,85.0,52,,316.0,102.0,15.0,72.0,90.0,637.0,438,23.0,,Less than 0.01,15.0,Less than 0.01,,2.2,22.csv,12.0,,,,0.8,-,,,,,,,,,,,,36.75,,,,0.19,,,,,,,,,,,,,,,,,,,,,,,,,,,,,,,,,,,,,,,,,,,,,,,,,,,,
Osman Sagar (Gandipet),November 2019,U/s of Musi at Gandipet (Osmansagar lake),1172,Lakes & Tanks ,5.4,7.65,356.0,3.0,,Not Analysed,Less than 2,20,,,4.0,Less than 1,120.0,34.0,8.0,Less than 1,,140.0,30.0,15.79,16.0,20.0,220.0,Not aNot analysedlysed,4.0,,Less than 0.01,2.0,Less than 0.01,23.27,0.73,23.csv,0.4,,,,Less than 0.01,Not analysed,,,,,,,,,,,,,,,,Not Analysed,,,,,,,,,,,,,,,,,,,,,,,,,,,,,,,,,,,,,,,,,,,,,,,,,,,,
Himayat Sagar,November 2019,Himayathsagar lake,1789,Lakes & Tanks ,4.4,7.9,420.0,4.0,,BDL,8,80,,,10.0,BDL,152.0,34.0,29.0,bdl,,136.0,21.0,20.0,15.0,39.0,311.0,207,25.0,,BDL,7.0,0.2,36.93,1.45,23.csv,5.0,,BDL,,BDL,-,,,,,,,,,,,,,,,,BDL,,,,,,,,,,,,,,,,,,,,,,,,,,,,,,,,,,,,,,,,,,,,,,,,,,,,
Hussain Sagar,November 2019,Hussain sagar Lake,1391,Lakes & Tanks ,NIL,7.34,1231.0,25.0,,BDL,350,Greater than 1600,,,34.0,BDL,376.0,132.0,147.0,36,,316.0,84.0,26.0,69.0,94.0,767.0,592,50.0,,BDL,17.0,BDL,37.53,2.29,23.csv,10.0,,0.14,,1.02,-,,,,,,,,,,,,,,,,12,,,,,,,,,,,,,,,,,,,,,,,,,,,,,,,,,,,,,,,,,,,,,,,,,,,,
Osman Sagar (Gandipet),December 2019,U/s of Musi at Gandipet (Osmansagar lake),1172,Lakes & Tanks ,5.8,7.96,420.0,2.3,,Not Analysed,Less than 2,14,,,8.0,Less than 1,133.0,46.0,12.0,Less than 1,,150.0,30.0,18.22,18.0,29.0,260.0,Not Analysed,8.0,,Less than 0.01,2.0,Less than 0.01,29.11,1.03,24.csv,Less than 0.1,,,,Less than 0.01,Not Analysed,,,,,,,,,,,,,,,,Not Analysed,,,,,,,,12.0,,,,,,,,,,,,,,,,,,,,,,,,,,,,,,,,,,,,,,,,,,,,
Himayat Sagar,December 2019,Himayathsagar lake,1789,Lakes & Tanks ,5.8,8.18,411.0,3.0,,Less than 0.01,33,440,,,8.0,Less than 1,138.0,42.0,30.0,Less than 1,,212.0,26.0,36.0,14.0,28.0,292.0,198,18.0,,Less than 0.01,8.0,0.13,21.27,0.83,24.csv,4,,Less than 0.01,,Less than 0.01,,,,,,,,,,,,,,,,,Less than 1,,,,,,,,30.0,,,,,,,,,,,,,,,,,,,,,,,,,,,,,,,,,,,,,,,,,,,,
Hussain Sagar,December 2019,Hussain sagar Lake,1391,Lakes & Tanks ,Less than 0.1,7.44,1279.0,23.0,,Less than 0.01,920,Greater than  1600,,,27.0,Less than 1,402.0,144.0,87.0,30,,352.0,82.0,36.0,62.0,108.0,844.0,562,68.0,,Less than 0.01,21.0,Less than 0.01,108.0,2.49,24.csv,13,,0.1,,0.91,,,,,,,,,,,,,,,,,,,,,,,,,87.0,,,,,,,,,,,,,,,,,,,,,,,,,,,,,,,,,,,,,,,,,,,,
Osman Sagar (Gandipet),January 2020,U/s of Musi at Gandipet (Osmansagar lake),1172,Lakes & Tanks ,5.6,7.96,446.0,2.1,,Not Analysed,Less than 2,11,,,8.0,Less than 1,145.0,42.0,10.0,Less than 1,,160.0,34.0,18.22,20.0,30.0,280.0,,8,,Less than 0.01,2.0,0.72,,1.03,25.csv,BDL,,,,Less than 0.01,Not Analysed,,,,,,,,,,,,,,,,Not Analysed,,,,,,,,,28.51,,,,,,,,,,,,,,,,,,,,,,,,,,,,,,,,,,,,,,,,,,,
Himayat Sagar,January 2020,Himayathsagar lake,1789,Lakes & Tanks ,4.8,8.25,444.0,3.0,,Less than 0.01,8,33,,,8.0,Less than 1,142.0,57.0,28.0,Less than 1,,172.0,22.0,28.0,7.0,22.0,257.0,212.0,Less than  5,,Less than 0.01,8.0,1.13,,0.73,25.csv,2,,Less than 0.01,,0.0,Not Analysed,,,,,,,,,,,,,,,,Less than 1,,,,,,,,,20.82,,,,,,,,,,,,,,,,,,,,,,,,,,,,,,,,,,,,,,,,,,,
Hussain Sagar,January 2020,Hussain sagar Lake,1391,Lakes & Tanks ,1,8.16,1389.0,26.0,,Not Analysed,540,Greater than 1600,,,34.0,Less than 1,504.0,158.0,124.0,56,,360.0,53.0,34.0,53.0,116.0,770.0,611.0,53,,Less than 0.01,23.0,1.16,,3.05,25.csv,16,,1.1,,0.5,Not Analysed,,,,,,,,,,,,,,,,22,,,,,,,,,45.37,,,,,,,,,,,,,,,,,,,,,,,,,,,,,,,,,,,,,,,,,,,
Osman Sagar (Gandipet),February 2020,U/s of Musi at Gandipet (Osmansagar lake),1172,Lakes & Tanks ,5.6,7.81,432.0,2.1,,Not Analysed,Less than 2,14,,,6.0,Less than 1,145.0,38.0,8.0,Less than 1,,158.0,35.2,17.01,20.0,28.0,280.0,,6,,Less than 0.01,2.0,Less than 0.01,,0.97,26.csv,Less than 0.01,,Not Analysed,,Less than 0.01,Not Analysed,,,,,,,,,,,,,,,,Not Analysed,,,,,,,,,27.38,,,,,,,,,,,,,,,,,,,,,,,,,,,,,,,,,,,,,,,,,,,
Himayat Sagar,February 2020,Himayathsagar lake,1789,Lakes & Tanks ,4.3,8.01,432.0,3.0,,,Less than 2,154,,,9.0,Less than  1,154.0,52.0,29.0,Less than  1,,186.0,36.0,23.0,9.0,25.0,253.0,208.0,Less than  5,,Less than 0.01,7.0,1.08,,0.8,26.csv,1.8,,Less than  1,,0.0,Not Analysed,,,,,,,,,,,,,,,,Less than  1,,,,,,,,,22.0,,,,,,,,,,,,,,,,,,,,,,,,,,,,,,,,,,,,,,,,,,,
Hussain Sagar,February 2020,Hussain sagar Lake,1391,Lakes & Tanks ,2,7.72,1468.0,10.0,,Not Analysed,22,350,,,18.0,Less than 1,345.0,188.0,78.0,2.2,,380.0,84.0,41.31,108.0,158.0,894.0,,12,,0.2,4.0,0.8,,3.51,26.csv,4.6,,Not Analysed,,2,Not Analysed,,,,,,,,,,,,,,,,Not Analysed,,,,,,,,,47.0,,,,,,,,,,,,,,,,,,,,,,,,,,,,,,,,,,,,,,,,,,,
Osman Sagar (Gandipet),March 2020,U/s of Musi at Gandipet (Osmansagar lake),1172,Lakes & Tanks ,5.5,7.81,546.0,2.5,,,Less than  2,18.0,,,10.0,Less than  1,40.0,63.0,32.0,Less than  1,,165.0,38.0,17.0,32.0,24.0,320.0,,6.0,,Less than  0.01,4.0,NIL,,0.6,27.csv,0.1,,,,0.21,,,,,,,,,,,,,,,,,,,,,,,,,,23.5,,,,,,,,,,,,,,,,,,,,,,,,,,,,,,,,,,,,,,,,,,,
Himayat Sagar,March 2020,Himayathsagar lake,1789,Lakes & Tanks ,4.3,7.68,494.0,2.5,,,Less than 2,14.0,,,14.0,Less than 1,180.0,48.0,12.0,Less than 1,,380.0,56.0,18.0,14.0,38.0,306.0,,8.0,,Less than 0.01,6.0,Less than 0.01,,1.9,27.csv,1.86,,,,0.08,,,,,,,,,,,,,,,,,,,,,,,,,,16.0,,,,,,,,,,,,,,,,,,,,,,,,,,,,,,,,,,,,,,,,,,,
Hussain Sagar,March 2020,Hussain sagar Lake,1391,Lakes & Tanks ,4.8,7.25,1566.0,22.0,,,350,920.0,,,28.0,Less than 1,475.0,202.0,80.0,4.8,,430.0,112.0,36.45,78.0,186.0,976.0,,26.0,,0.3,8.0,0.88,,3.6,27.csv,51.0,,,,2.16,,,,,,,,,,,,,,,,,,,,,,,,,,46.0,,,,,,,,,,,,,,,,,,,,,,,,,,,,,,,,,,,,,,,,,,,
Osman Sagar (Gandipet),April 2020,U/s of Musi at Gandipet (Osmansagar lake),1172,Lakes & Tanks ,5.8,7.45,611.0,3.0,,,Less than  2,130,,,130.0,Less than  1,215.0,78.0,28.0,Less than 1,,320.0,100.0,17.0,20.0,22.0,381.0,,75.0,,Less than  0.01,10.6,1.09,,1.1,28.csv,1.7,,Less than 0.01,,0.24,,,,,,,,,,,,,,,,,Less than 1,BDL,BDL,BDL,BDL,ND,ND,,,30.2,,,,,,,,,,,,,,,,,,,,,,,,,,,,,,,,,,,,,,,,,,,
Himayat Sagar,April 2020,Himayathsagar lake,1789,Lakes & Tanks ,4.2,7.74,517.0,3.0,,,Less than  2,24,,,18.0,NIL,189.0,58.0,28.0,Less than 1,,350.0,44.0,17.0,20.2,35.0,296.0,,12.0,,Less than 0.01,6.0,0.88,,1.1,28.csv,1.5,,Less than 0.01,,0.24,,,,,,,,,,,,,,,,,Less than 1,BDL,BDL,BDL,ND,ND,BDL,,,29.0,,,,,,,,,,,,,,,,,,,,,,,,,,,,,,,,,,,,,,,,,,,
Hussain Sagar,April 2020,Hussain sagar Lake,1391,Lakes & Tanks ,6,7.7,1467.0,20.0,,,350,920,,,35.0,Less than 1,524.0,187.0,112.0,,,440.0,96.0,49.0,39.0,178.0,778.0,,20.0,,Less than 0.01,7.0,0.8,,3.7,28.csv,23.0,,0.71,,0.5,,,,,,,,,,,,,,,,,7,BDL,BDL,BDL,BDL,ND,BDL,,,46.0,,,,,,,,,,,,,,,,,,,,,,,,,,,,,,,,,,,,,,,,,,,
Osman Sagar (Gandipet),May 2020,U/s of Musi at Gandipet (Osmansagar lake),1172,Lakes & Tanks ,5,7.26,725.0,3.1,,,Less than 2,26,,,71.3,Less than 1,175.0,98.0,18.0,BDL,,259.0,79.0,15.0,43.0,67.91,442.0,,60.0,,Less than 0.01,11.04,0.25,35.0,1.83,29.csv,2.12,,Less than 0.01,,0.15,,,,,,,,,,,,,,,,,Less than 1,,,,,,,,,,,,,,,,,,,,,,,,,,,,,,,,,,,,,,,,,,,,,,,,,,,,
Himayat Sagar,May 2020,Himayathsagar lake,1789,Lakes & Tanks ,4,7.5,536.0,2.5,,,Less than 2,12,,,9.82,Less than 1,165.0,61.0,16.0,BDL,,130.0,24.0,17.01,2.9,49.3,326.0,,24.0,,Less than 0.01,20.46,0.05,40.55,1.87,29.csv,2.12,,Less than 0.01,,0.19,,,,,,,,,,,,,,,,,Less than 1,,,,,,,,,,,,,,,,,,,,,,,,,,,,,,,,,,,,,,,,,,,,,,,,,,,,
Hussain Sagar,May 2020,Hussain sagar Lake,1391,Lakes & Tanks ,3.3,7.67,1457.0,28.0,,,130,540,,,7.66,Less than 1,395.0,196.0,156.0,15.7,,312.0,64.0,37.0,52.0,213.8,903.0,,46.0,,Less than 0.01,20.21,Less than 0.01,57.75,5.24,29.csv,18.19,,0.09,,1.45,,,,,,,,,,,,,,,,,4.2,,,,,,,,,,,,,,,,,,,,,,,,,,,,,,,,,,,,,,,,,,,,,,,,,,,,
Osman Sagar (Gandipet),March 2018,"U/s of Musi at Gandipet (Osmansagar lake) (BM-Jan, Apr & Oct)",1172,River Musi,5.2,7.76,320.0,3.0,0.8,,NIL,20.0,,,6.4,0.0,100.0,30.0,26.0,Less than  1,,135.0,26.0,17.01,16.0,10.0,180.0,146.0,5.0,0.09,Less than 0.1,4.0,0.5,13.36,0.37,3.csv,,,,,,,,,,,,,,,,,,,,,,,,,,,,,,,,,,,,,,,,,,,,,,,,,,,,,,,,,,,,,,,,,,,,,,,,,,
Hussain Sagar,March 2018,Hussain sagar Lake,1391,Lakes and Tanks,1.1,7.67,1567.0,12.0,11.2,,40,520.0,,,22.6,0.0,415.0,189.0,112.0,1.4,,460.0,96.0,53.46,118.0,160.0,965.0,776.0,72.0,8.44,Less than 0.1,14.0,1.45,41.98,3.23,3.csv,,,,,,,,,,,,,,,,,,,,,,,,,,,,,,,,,,,,,,,,,,,,,,,,,,,,,,,,,,,,,,,,,,,,,,,,,,
Himayat Sagar,March 2018,"Himayathsagar lake (BM-Jan, Apr & Oct)",1789,Lakes and Tanks,5.5,7.97,350.0,2.0,0.5,,NIL,25.0,,,4.07,0.0,120.0,42.0,38.0,BDL,,140.0,22.0,20.66,4.0,20.0,211.0,172.0,3.0,0.12,Less than 0.1,4.0,0.52,22.92,0.73,3.csv,,,,,,,,,,,,,,,,,,,,,,,,,,,,,,,,,,,,,,,,,,,,,,,,,,,,,,,,,,,,,,,,,,,,,,,,,,
Osman Sagar (Gandipet),June 2020,U/s of Musi at Gandipet (Osmansagar lake),1172,Lakes & Tanks ,4,6.73,917.0,2.5,,,Less than 2,46,,,96.0,Less than 1,210.0,148.0,16.0,Less than 1,,200.0,50.0,18.22,36.0,95.0,550.0,,20.0,,Less than 0.01,11.0,0.1,48.99,2.91,30.csv,1.26,,Less than 0.01,,2.8,,,,,,,,,,,,,,,,,Less than 1,,,,,,,,,,,,,,,,,,,,,,,,,,,,,,,,,,,,,,,,,,,,,,,,,,,,
Himayat Sagar,June 2020,Himayathsagar lake,1789,Lakes & Tanks ,4.1,7.2,602.0,2.6,,,Less than 2,40,,,49.6,Less than 1,240.0,64.0,18.0,Less than 1,,145.0,32.0,15.79,6.0,66.0,362.0,,22.0,,Less than 0.01,11.0,0.32,47.29,2.38,30.csv,0.83,,Less than 0.01,,0.9,,,,,,,,,,,,,,,,,Less than 1,,,,,,,,,,,,,,,,,,,,,,,,,,,,,,,,,,,,,,,,,,,,,,,,,,,,
Hussain Sagar,June 2020,Hussain sagar Lake,1391,Lakes & Tanks ,3.6,7.36,1522.0,28.0,,,70,430,,,20.0,Less than 1,460.0,176.0,156.0,12.2,,350.0,78.0,37.66,63.0,253.0,914.0,,26.0,,Less than 0.01,20.0,0.23,59.29,5.86,30.csv,11.2,,0.01,,1.86,,,,,,,,,,,,,,,,,2.4,,,,,,,,,,,,,,,,,,,,,,,,,,,,,,,,,,,,,,,,,,,,,,,,,,,,
Osman Sagar (Gandipet),July 2020,U/s of Musi at Gandipet (Osmansagar lake),1172,Lakes & Tanks ,5.2,6.88,664.0,3.2,,,Less than 2,84,,,39.0,Less than 1,130.0,88.0,16.0,Less than 1,,190.0,34.0,25.52,80.0,61.0,410,,8.0,,Less than 0.01,7.0,0.81,39.83,1.92,31.csv,1.1,,Less than 0.01,,1.45,,,,,,,,,,,,,,,,,Less than 1,,,,,,,,,,,,,,,,,,,,,,,,,,,,,,,,,,,,,,,,,,,,,,,,,,,,
Himayat Sagar,July 2020,Himayathsagar lake,1789,Lakes & Tanks ,5.2,7.52,449.0,2.8,,,Less than 2,70,,,23.0,Less than 1,125.0,74.0,16.0,Less than 1,,125.0,28.0,13.37,21.0,47.0,270,,6.0,,Less than 0.01,7.0,0.96,43.14,1.82,31.csv,1.18,,Less than 0.01,,1.51,,,,,,,,,,,,,,,,,Less than 1,,,,,,,,,,,,,,,,,,,,,,,,,,,,,,,,,,,,,,,,,,,,,,,,,,,,
Hussain Sagar,July 2020,Hussain sagar Lake,1391,Lakes & Tanks ,3.6,7.57,1338.0,10,,,14,430,,,12.0,Less than 1,285.0,138.0,104.0,10,,360.0,72.0,43.74,83.0,145.0,760,,16.0,,Less than 0.01,13.0,1.33,45.41,3.31,31.csv,4.6,,Less than 0.01,,0.94,,,,,,,,,,,,,,,,,2.8,,,,,,,,,,,,,,,,,,,,,,,,,,,,,,,,,,,,,,,,,,,,,,,,,,,,
Osman Sagar (Gandipet),August 2020,U/s of Musi at Gandipet (Osmansagar lake),1172,Lakes & Tanks ,5.6,6.95,572.0,2.2,,,Less than 1.8,33,,,8.0,5.0,105.0,70.0,16.0,1.5,,125.0,28.0,13.37,54.0,62.0,343.0,,10.0,,0.5,5.0,1.07,50.5,2.4,32.csv,0.46,,Less than 0.01,,1.39,,,,,,,,,,,,,,,,,0.4,,,,,,,,,,Less than 1.8,,,,,,,,,,,,,,,,,,,,,,,,,,,,,,,,,,,,,,,,,,
Himayat Sagar,August 2020,Himayathsagar lake,1789,Lakes & Tanks ,6.1,7.61,369.0,2.1,,,Less than 1.8,26,,,8.0,5.0,70.0,50.0,14.0,1.5,,85.0,14.0,12.15,26.0,39.0,214.0,,12.0,,0.5,5.0,1.42,47.95,1.83,32.csv,0.29,,Less than 0.01,,0.87,,,,,,,,,,,,,,,,,0.4,,,,,,,,,,Less than 1.8,,,,,,,,,,,,,,,,,,,,,,,,,,,,,,,,,,,,,,,,,,
Hussain Sagar,August 2020,Hussain sagar Lake,1391,Lakes & Tanks ,2,7.41,1204.0,8.0,,,540,Greater than 1600,,,6.0,5.0,220.0,162.0,74.0,10.0,,255.0,56.0,27.95,78.0,129.0,688.0,,28.0,,0.5,8.0,1.42,51.26,3.5,32.csv,2.62,,0.05,,1.08,,,,,,,,,,,,,,,,,2.8,,,,,,,,,,220,,,,,,,,,,,,,,,,,,,,,,,,,,,,,,,,,,,,,,,,,,
Osman Sagar (Gandipet),September 2020,U/s of Musi at Gandipet (Osmansagar lake),1172,Lakes & Tanks ,6.4,7.35,426.0,2.6,,,Less than 1.8,34,,,4.4,5.0,95.0,39.0,28.0,1.5,,115.0,24.0,13.37,32.0,41.0,245.0,,10.0,,0.5,4.0,1.01,42.45,1.66,33.csv,0.4,,Less than 0.01,,1.46,,,,,,,,,,,,,,,,,0.4,,,,,,,,,,Less than 1.8,,,,,,,,,,,,,,,,,,,,,,,,,,,,,,,,,,,,,,,,,,
Himayat Sagar,September 2020,Himayathsagar lake,1789,Lakes & Tanks ,6,7.68,402.0,2.4,,,Less than 1.8,25,,,10.4,5.0,115.0,24.0,18.0,1.5,,140.0,34.0,13.37,21.0,24.0,242.0,,10.0,,0.5,5.0,1.21,26.18,0.88,33.csv,0.4,,Less than 0.01,,0.96,,,,,,,,,,,,,,,,,0.4,,,,,,,,,,Less than 1.8,,,,,,,,,,,,,,,,,,,,,,,,,,,,,,,,,,,,,,,,,,
Hussain Sagar,September 2020,Hussain sagar Lake,1391,Lakes & Tanks ,2.4,7.69,1066.0,9.0,,,430,1600,,,10.8,5.0,165.0,26.0,72.0,4.0,,180.0,36.0,21.87,42.0,130.0,642.0,,18.0,,0.5,9.0,1.81,59.46,4.2,33.csv,2.59,,Less than 0.01,,1.12,,,,,,,,,,,,,,,,,0.4,,,,,,,,,,210,,,,,,,,,,,,,,,,,,,,,,,,,,,,,,,,,,,,,,,,,,
Osman Sagar (Gandipet),October 2020,"U/s of Musi at Gandipet (Osmansagar lake) (BM-Jan, Apr & Oct)",1172,Lakes & Tanks ,6.7,7.49,356.0,2.1,,,Less than 1.8,21,,,4.8,5.0,85.0,32.0,,1.5,,90.0,30.0,3.65,20.0,26.0,207.0,,10.0,,0.5,4.0,0.96,,1.19,34.csv,1.5,27.0,Less than 0.01,,1.48,,,,,,,,,,,,,,,,,0.4,ND,BDL,BDL,ND,ND,BDL,BDL,,37.23,,Less than 1.8,,,,,,,,,,,,,,,,,,,,,,,,,,,,,,,,,,,,,,,,,
Himayat Sagar,October 2020,"Himayathsagar lake (BM-Jan, Apr & Oct)",1789,Lakes & Tanks ,7.5,7.67,272.0,2.1,,,Less than 1.8,12,,,10.8,5.0,80.0,34.0,,1.5,,110.0,28.0,9.72,12.0,19.0,182.0,,10.0,,0.5,2.0,1.0,,0.79,34.csv,1.4,22.0,Less than 0.01,,0.98,,,,,,,,,,,,,,,,,0.4,ND,BDL,BDL,ND,BDL,BDL,BDL,,26.76,,Less than 1.8,,,,,,,,,,,,,,,,,,,,,,,,,,,,,,,,,,,,,,,,,
Hussain Sagar,October 2020,Hussain sagar Lake,1391,Lakes & Tanks ,1.4,6.92,1086.0,10.0,,,240,1600,,,11.8,5.0,185.0,91.0,,1.5,,200.0,38.0,25.52,68.0,147.0,696.0,,10.0,,0.5,6.0,1.1,,4.5,34.csv,2.89,113.0,Less than 0.01,,1.14,,,,,,,,,,,,,,,,,0.4,ND,BDL,BDL,ND,BDL,BDL,BDL,,60.46,,170,,,,,,,,,,,,,,,,,,,,,,,,,,,,,,,,,,,,,,,,,
Osman Sagar (Gandipet),November 2020,"U/s of Musi at Gandipet (Osmansagar lake) (BM-Jan, Apr & Oct)",1172,Lakes & Tanks ,6.5,7.86,322.0,2.2,,,Less than 1.8,11,,,3.8,5.0,90.0,34.0,16.0,1.5,,94.0,18.4,11.66,16.0,26.0,182.0,,10.0,,0.5,4.0,0.68,,0.8,35.csv,0.9,,Less than 0.01,,1.05,,,,,,,,,,,,,36.17,,,,0.4,,,,,,,,,,Less than 1.8,,,,,,,,,,,,,,,,,,,,,,,,,,,,,,,,,,,,,,,,,,
Himayat Sagar,November 2020,"Himayathsagar lake (BM-Jan, Apr & Oct)",1789,Lakes & Tanks ,6.8,8.18,324.0,2.2,,,Less than 1.8,8,,,7.0,5.0,92.0,38.0,16.0,1.5,,98.0,18.0,12.88,14.0,29.0,185.0,,10.0,,0.5,3.0,0.37,,1.27,35.csv,0.69,,Less than 0.01,,0.62,,,,,,,,,,,,,38.08,,,,0.4,,,,,,,,,,Less than 1.8,,,,,,,,,,,,,,,,,,,,,,,,,,,,,,,,,,,,,,,,,,
Hussain Sagar,November 2020,Hussain sagar Lake,1391,Lakes & Tanks ,0.4,7.02,1211.0,12.0,,,220,920,,,17.0,5.0,215.0,156.0,134.0,6.0,,230.0,64.0,17.01,88.0,172.0,750.0,,42.0,,0.5,4.0,0.73,,4.92,35.csv,4.5,,0.02,,0.54,,,,,,,,,,,,,61.31,,,,3.2,,,,,,,,,,Less than 1.8,,,,,,,,,,,,,,,,,,,,,,,,,,,,,,,,,,,,,,,,,,
Osman Sagar (Gandipet),December 2020,U/s of Musi at Gandipet (Osmansagar lake),1172,Lakes & Tanks ,6,7.56,418.0,2.1,,,Less than 1.8,14,,,4.1,5.0,125.0,42.0,18.0,1.5,,145.0,42.0,9.72,16.0,27.0,260.0,,10.0,,0.5,2.0,0.61,,0.97,36.csv,0.64,,Less than 0.01,,0.43,,,,,,,,,,,,,28.39,,,,0.4,,,,,,,,,,Less than 1.8,,,,,,,,,,,,,,,,,,,,,,,,,,,,,,,,,,,,,,,,,,
Himayat Sagar,December 2020,Himayathsagar lake,1789,Lakes & Tanks ,6.1,7.64,405.0,2.1,,,Less than 1.8,5,,,5.62,5.0,125.0,38.0,8.0,1.5,,150.0,38.0,13.37,18.0,22.0,252.0,,10.0,,0.5,2.0,0.58,,0.78,36.csv,0.62,,Less than 0.01,,0.2,,,,,,,,,,,,,23.78,,,,0.4,,,,,,,,,,Less than 1.8,,,,,,,,,,,,,,,,,,,,,,,,,,,,,,,,,,,,,,,,,,
Hussain Sagar,December 2020,Hussain sagar Lake,1391,Lakes & Tanks ,2.2,7.03,1100.0,8.0,,,120,920,,,2.8,5.0,245.0,142.0,92.0,2.0,,270.0,74.0,20.66,90.0,122.0,682.0,,24.0,,0.5,4.0,0.66,,3.22,36.csv,2.8,,Less than 0.01,,0.2,,,,,,,,,,,,,48.99,,,,0.4,,,,,,,,,,Less than 1.8,,,,,,,,,,,,,,,,,,,,,,,,,,,,,,,,,,,,,,,,,,
Osman Sagar (Gandipet),January 2021,U/s of Musi at Gandipet (Osmansagar lake),1172,Lakes & Tanks ,6.2,7.58,392.0,2.1,,,Less than 1.8,11,,,5.0,5.0,110.0,46.0,16.0,5.0,,135.0,28.0,15.79,18.0,26.0,222.0,,5.0,,0.1,2.0,0.58,,0.97,37.csv,0.8,,Less than 0.01,,0.2,,,,,,,,,,,,,29.0,,,,0.1,,,,,,,,,,Less than 1.8,,,Shamshabad,RR-I,,,,,,,,,,,,,,,,,,,,,,,,,,,,,,,,,,,,,,
Himayat Sagar,January 2021,Himayathsagar lake,1789,Lakes & Tanks ,6.1,7.56,388.0,2.2,,,Less than 1.8,Less than 1.8,,,5.2,5.0,115.0,36.0,12.0,5.0,,130.0,26.0,15.79,20.0,26.0,244.0,,10.0,,0.1,2.0,0.62,,0.99,37.csv,0.8,,Less than 0.01,,0.2,,,,,,,,,,,,,29.76,,,,0.1,,,,,,,,,,Less than 1.8,,,RR-shamshabad,Rangareddy - I,,,,,,,,,,,,,,,,,,,,,,,,,,,,,,,,,,,,,,
Hussain Sagar,January 2021,Hussain sagar Lake,1391,Lakes & Tanks ,2,7.72,1218.0,6.0,,,94,540,,,5.0,5.0,265.0,138.0,54.0,5.0,,285.0,60.0,32.8,86.0,120.0,720.0,,24.0,,0.5,6.0,0.72,,3.08,37.csv,2.6,,Less than 0.01,,0.28,,,,,,,,,,,,,46.98,,,,0.1,,,,,,,,,,Less than 1.8,,,Hyderabad,Hyderabad,,,,,,,,,,,,,,,,,,,,,,,,,,,,,,,,,,,,,,
Osman Sagar (Gandipet),February 2021,U/s of Musi at Gandipet (Osmansagar lake),1172,Lakes & Tanks ,5.4,7.63,423.0,2.1,,,Less than 1.8,9,,,5.0,5.0,110.0,52.0,14.0,5.0,,140.0,46.0,6.08,18.0,28.0,258.0,,8.0,,0.1,2.0,0.4,,1.03,38.csv,0.68,,Less than 0.01,,0.1,,,,,,,,,,,,,29.88,,,,0.1,,,,,,,,,,Less than 1.8,,,Shamshabad,RR-I,,,,,,,,,,,,,,,,,,,,,,,,,,,,,,,,,,,,,,
Himayat Sagar,February 2021,Himayathsagar lake,1789,Lakes & Tanks ,6.1,7.63,424.0,2.1,,,Less than 1.8,11,,,5.0,5.0,110.0,54.0,15.0,5.0,,138.0,44.0,7.0,18.0,30.0,260.0,,6.0,,0.1,2.0,0.6,,1.11,38.csv,0.58,,Less than 0.01,,0.1,,,,,,,,,,,,,31.51,,,,0.1,,,,,,,,,,Less than 1.8,,,RR-shamshabad,Rangareddy - I,,,,,,,,,,,,,,,,,,,,,,,,,,,,,,,,,,,,,,
Hussain Sagar,February 2021,Hussain sagar Lake,1391,Lakes & Tanks ,0.3,7.66,1192.0,6.0,,,74,430,,,5.0,5.0,260.0,132.0,42.0,5.0,,275.0,74.0,21.87,82.0,116.0,728.0,,22.0,,0.1,8.0,1.0,,3.04,38.csv,2.8,,Less than 0.01,,1.2,,,,,,,,,,,,,46.82,,,,0.1,,,,,,,,,,Less than 1.8,,,Hyderabad,Hyderabad,,,,,,,,,,,,,,,,,,,,,,,,,,,,,,,,,,,,,,
Osman Sagar (Gandipet),March 2021,U/s of Musi at Gandipet (Osmansagar lake),1172,Lakes & Tanks ,5.9,7.38,456.0,2.1,,,Less than 1.8,17.0,,,8.0,5.0,120.0,48.0,18.0,5.0,,140.0,32.0,14.58,20.0,29.0,258.0,176.0,10.0,,0.1,3.0,0.42,30.36,1.06,39.csv,0.99,,Less than 0.01,,0.1,,,,,,,,,,,,,,,,,0.1,,,,,,,,,,Less than 1.8,,,Shamshabad,RR-I,,,,,,,,,,,,,,,,,,,,,,,,,,,,,,,,,,,,,,
Himayat Sagar,March 2021,Himayathsagar lake,1789,Lakes & Tanks ,6.2,7.92,456.0,2.6,,,Less than 1.8,22.0,,,5.0,5.0,110.0,58.0,29.0,5.0,,140.0,48.0,4.86,20.0,32.0,266.0,180.0,8.0,,0.1,3.0,0.59,32.56,1.17,39.csv,0.96,,Less than 0.01,,0.1,,,,,,,,,,,,,,,,,0.1,,,,,,,,,,Less than 1.8,,,RR-shamshabad,Rangareddy - I,,,,,,,,,,,,,,,,,,,,,,,,,,,,,,,,,,,,,,
Hussain Sagar,March 2021,Hussain sagar Lake,1391,Lakes & Tanks ,2.4,7.82,1210.0,8.0,,,39,430.0,,,5.0,5.0,266.0,138.0,76.0,5.0,,278.0,66.0,27.46,84.0,113.0,798.0,598.0,22.0,,0.1,7.0,1.01,46.0,2.94,39.csv,1.8,,Less than 0.01,,1.2,,,,,,,,,,,,,,,,,3.1,,,,,,,,,,11,,,Hyderabad,Hyderabad,,,,,,,,,,,,,,,,,,,,,,,,,,,,,,,,,,,,,,
Osman Sagar (Gandipet),April 2018,"U/s of Musi at Gandipet (Osmansagar lake) (BM-Jan, Apr & Oct)",1172,River Musi,4.9,7.64,335.0,2.0,0.92,,25,,,,2.16,0.0,105.0,35.0,23.0,0.4,,120.0,20.0,17.01,10.0,21.0,201.0,162.0,3.0,0.06,0.25,5.0,0.35,26.0,0.83,4.csv,,,,,,,,,,,ND,ND,ND,ND,ND,0.04,0.01,,,,,,,,,,,,,,,,,,,,500.0,,,,,,,,,,,,,,,,,,,,,,,,,,,,,,,,,,,,,
Hussain Sagar,April 2018,Hussain sagar Lake,1391,Lakes and Tanks,1,7.46,1580.0,14.0,10.2,,60,,,,6.8,0.0,415.0,187.0,124.0,12.0,,450.0,96.0,51.03,92.0,150.0,960.0,762.0,82.0,6.75,0.6,13.0,1.49,41.0,3.07,4.csv,,,,,,,,,,,ND,ND,0.3,ND,ND,0.1,0.09,,,,,,,,,,,,,,,,,,,,15000.0,,,,,,,,,,,,,,,,,,,,,,,,,,,,,,,,,,,,,
Himayat Sagar,April 2018,"Himayathsagar lake (BM-Jan, Apr & Oct)",1789,Lakes and Tanks,5.8,7.57,342.0,2.0,0.68,,25,,,,1.37,0.0,110.0,36.0,30.0,0.2,,115.0,24.0,13.37,6.0,22.0,208.0,169.0,2.0,0.12,0.22,5.0,0.31,28.15,0.89,4.csv,,,,,,,,,,,ND,ND,ND,ND,ND,0.04,0.01,,,,,,,,,,,,,,,,,,,,500.0,,,,,,,,,,,,,,,,,,,,,,,,,,,,,,,,,,,,,
Osman Sagar (Gandipet),April 2021,U/s of Musi at Gandipet (Osmansagar lake),1172,Lakes & Tanks ,6.1,7.56,410.0,2.1,,,4,43,,,6.8,5.0,145.0,27.0,16.0,5.0,,160.0,34.0,18.22,16.0,19.0,240.0,90.0,10.0,,0.1,2.0,0.41,20.17,0.65,40.csv,0.1,,,,0.12,,,,,,,,,,,,,,,,,0.1,BDL,BDL,0.5,0.2,0.1,0.04,0.17,,,Less than 1.8,,,Shamshabad,RR-I,,,,,,,,,,,,,,,,,,,,,,,,,,,,,,,,,,,,,,
Himayat Sagar,April 2021,Himayathsagar lake,1789,Lakes & Tanks ,6,7.33,440.0,2.1,,,4,58,,,10.6,5.0,140.0,38.0,16.0,5.0,,175.0,32.0,23.09,14.0,21.0,247.0,100.0,23.0,,0.1,2.2,0.56,20.32,0.69,40.csv,0.6,,Less than 0.01,,0.1,,,,,,,,,,,,,,,,,0.1,BDL,BDL,0.5,0.2,0.1,BDL,BDL,,,Less than 1.8,,,RR-shamshabad,Rangareddy - I,,,,,,,,,,,,,,,,,,,,,,,,,,,,,,,,,,,,,,
Hussain Sagar,April 2021,Hussain sagar Lake,1391,Lakes & Tanks ,0.3,7.45,1339.0,8,,,63,540,,,8.9,5.0,280.0,158.0,63.0,5.0,,210.0,42.0,25.52,112.0,140.0,780.0,500.0,16.0,,0.1,20.1,1.09,56.21,4.19,40.csv,8.0,,Less than 0.01,,1.0,,,,,,,,,,,,,,,,,0.47,BDL,BDL,0.5,0.2,0.1,0.01,BDL,,,43,,,Hyderabad,Hyderabad,,,,,,,,,,,,,,,,,,,,,,,,,,,,,,,,,,,,,,
Osman Sagar (Gandipet),May 2021,U/s of Musi at Gandipet (Osmansagar lake),1172,Lakes & Tanks ,5.2,7.62,455.0,2.1,,,2,63.0,,,,5.0,155.0,32.0,10.0,5.0,,175.0,34.0,21.87,18.0,22.0,264.0,181.0,12.0,,0.1,2.2,0.6,21.09,0.72,41.csv,0.1,,Less than 0.01,,0.12,,,,,,,,,,,,,,,,,0.1,,,,,,,,,,Less than 1.8,,,Shamshabad,RR-I,,,,,,,,,,,,,,,,,,,,,,,,,,,,,,,,,,,,,,
Himayat Sagar,May 2021,Himayathsagar lake,1789,Lakes & Tanks ,5.4,7.4,470.0,2.1,,,2,74.0,,,,5.0,158.0,37.0,10.0,5.0,,174.0,38.0,19.2,22.0,28.0,260.0,152.0,24.0,,0.1,2.4,0.62,25.48,0.92,41.csv,0.3,,Less than 0.01,,0.1,,,,,,,,,,,,,,,,,0.1,,,,,,,,,,Less than 1.8,,,RR-shamshabad,Rangareddy - I,,,,,,,,,,,,,,,,,,,,,,,,,,,,,,,,,,,,,,
Hussain Sagar,May 2021,Hussain sagar Lake,1391,Lakes & Tanks ,0.9,7.52,1410.0,8.0,,,120,540.0,,,,5.0,320.0,140.0,72.0,5.0,,240.0,62.0,20.66,120.0,172.0,820.0,610.0,20.0,,0.1,18.0,1.09,58.6,4.82,41.csv,13.2,,,,1.0,,,,,,,,,,,,,,,,,0.4,,,,,,,,,,63,,,Hyderabad,Hyderabad,,,,,,,,,,,,,,,,,,,,,,,,,,,,,,,,,,,,,,
Osman Sagar (Gandipet),June 2021,U/s of Musi at Gandipet (Osmansagar lake),1172,Lakes & Tanks ,5.4,7.69,408.0,2.1,,,Less than 1.8,110.0,,,5.0,5.0,110.0,38.0,10.0,5.0,,155.0,40.0,13.37,21.0,18.0,240.0,120.0,6.0,,0.1,3.0,0.57,19.7,0.63,42.csv,0.72,,0.01,,0.1,,,,,,,,,,,,,,,,,0.1,,,,,,,,,,,,,Shamshabad,RR-I,,,,,,,,,,,,,,,,,,,,,,,,,,,,,,,,,,,,,,
Himayat Sagar,June 2021,Himayathsagar lake,1789,Lakes & Tanks ,4.9,8.0,439.0,2.2,,,Less than 1.8,110.0,,,5.0,5.0,150.0,44.0,16.0,5.0,,190.0,54.0,13.37,26.0,22.0,276.0,140.0,13.0,,0.1,6.0,0.58,19.43,0.69,42.csv,0.86,,0.01,,0.1,,,,,,,,,,,,,,,,,0.1,,,,,,,,,,,,,RR-shamshabad,Rangareddy - I,,,,,,,,,,,,,,,,,,,,,,,,,,,,,,,,,,,,,,
Hussain Sagar,June 2021,Hussain sagar Lake,1391,Lakes & Tanks ,1.2,7.73,1380.0,8.0,,,94,540.0,,,9.2,5.0,315.0,182.0,47.0,5.0,,365.0,92.0,32.8,118.0,156.0,898.0,620.0,16.0,,0.1,23.0,1.06,46.12,3.54,42.csv,14.6,,0.01,,1.33,,,,,,,,,,,,,,,,,0.16,,,,,,,,,,,,,Hyderabad,Hyderabad,,,,,,,,,,,,,,,,,,,,,,,,,,,,,,,,,,,,,,
Osman Sagar (Gandipet),July 2021,U/s of Musi at Gandipet (Osmansagar lake),1172,Lakes & Tanks ,6.2,8.01,392.0,2.1,,,Less than 1.8,110.0,,,6.2,5.0,155.0,29.0,10.0,5.0,,170.0,44.0,14.58,12.0,16.0,240.0,160.0,6.0,,0.1,2.0,0.52,16.71,0.53,43.csv,0.52,,0.01,,0.1,,,,,,,,,,,,,,,,,0.1,,,,,,,,,,Less than 1.8,,,Shamshabad,RR-I,,,,,,,,,,,,,,,,,,,,,,,,,,,,,,,,,,,,,,
Himayat Sagar,July 2021,Himayathsagar lake,1789,Lakes & Tanks ,6.1,7.95,510.0,2.1,,,Less than 1.8,94.0,,,4.8,5.0,170.0,39.0,10.0,5.0,,200.0,50.0,18.22,24.0,20.0,280.0,180.0,8.0,,0.1,4.0,0.46,17.42,0.61,43.csv,0.48,,0.01,,0.1,,,,,,,,,,,,,,,,,0.1,,,,,,,,,,Less than 1.8,,,RR-shamshabad,Rangareddy - I,,,,,,,,,,,,,,,,,,,,,,,,,,,,,,,,,,,,,,
Hussain Sagar,July 2021,Hussain sagar Lake,1391,Lakes & Tanks ,1.2,7.66,1044.0,5.8,,,63,540.0,,,7.2,5.0,240.0,109.0,69.0,5.0,,273.0,73.0,22.0,82.0,102.0,640.0,540.0,23.0,,0.1,12.0,0.62,43.37,2.68,43.csv,10.8,,0.01,,0.36,,,,,,,,,,,,,,,,,0.23,,,,,,,,,,21,,,Hyderabad,Hyderabad,,,,,,,,,,,,,,,,,,,,,,,,,,,,,,,,,,,,,,
Osman Sagar (Gandipet),August 2021,U/s of Musi at Gandipet (Osmansagar lake),1172,Lakes & Tanks ,6.2,7.53,407.0,2.1,,,Less than 1.8,94.0,,,8.8,5,120.0,31.0,10.0,5.0,,135.0,44.8,5.59,18.0,22.0,224.0,,6.0,,0.1,2.18,0.36,25.73,0.82,44.csv,0.38,,0.01,,0.1,,,,,,,,,,,,,,,,,0.1,,,,,,,,,,Less than 1.8,,,Shamshabad,RR-I,,,,,,,,,,,,,,,,,,,,,,,,,,,,,,,,,,,,,,
Himayat Sagar,August 2021,Himayathsagar lake,1789,Lakes & Tanks ,6.2,8.16,412.0,2.1,,,Less than 1.8,74.0,,,6.6,5,110.0,39.0,10.0,5.0,,180.0,53.6,11.18,24.0,14.0,240.0,,7.0,,0.1,2.66,0.33,14.19,0.45,44.csv,0.32,,0.01,,0.1,,,,,,,,,,,,,,,,,0.1,,,,,,,,,,Less than 1.8,,,RR-shamshabad,Rangareddy - I,,,,,,,,,,,,,,,,,,,,,,,,,,,,,,,,,,,,,,
Hussain Sagar,August 2021,Hussain sagar Lake,1391,Lakes & Tanks ,2,7.37,1205.0,4.0,,,70,540.0,,,10.2,5,225.0,168.0,50.0,5.0,,248.0,60.8,23.33,96.0,138.0,784.0,,18.0,,0.1,6.88,0.68,53.76,3.8,44.csv,12.4,,0.01,,1.32,,,,,,,,,,,,,,,,,0.13,,,,,,,,,,27,,,Hyderabad,Hyderabad,,,,,,,,,,,,,,,,,,,,,,,,,,,,,,,,,,,,,,
Osman Sagar (Gandipet),September 2021,U/s of Musi at Gandipet (Osmansagar lake),1172,Lakes & Tanks ,6.1,8.06,384.0,2.1,,,Less than 1.8,63.0,,,5.0,5.0,100.0,34.0,10.0,5.0,,110.0,39.6,5.0,24.0,28.0,220.0,,6.0,,0.1,3.8,0.31,32.8,1.11,45.csv,0.12,,Less than 0.01,,0.1,,,,,,,,,,,,,,,,,0.1,,,,,,,,,,Less than 1.8,,,Shamshabad,RR-I,,,,,,,,,,,,,,,,,,,,,,,,,,,,,,,,,,,,,,
Himayat Sagar,September 2021,Himayathsagar lake,1789,Lakes & Tanks ,6.2,8.02,429.0,2.1,,,Less than 1.8,47.0,,,5.0,5.0,115.0,39.0,10.0,5.0,,140.0,36.0,12.15,23.0,24.0,234.0,,7.0,,0.1,3.84,0.33,26.39,0.88,45.csv,0.14,,Less than 0.01,,0.1,,,,,,,,,,,,,,,,,0.1,,,,,,,,,,Less than 1.8,,,RR-shamshabad,Rangareddy - I,,,,,,,,,,,,,,,,,,,,,,,,,,,,,,,,,,,,,,
Hussain Sagar,September 2021,Hussain sagar Lake,1391,Lakes & Tanks ,1,7.57,1144.0,5.9,,,110,540.0,,,10.8,5.0,230.0,142.0,68.0,5.0,,256.0,61.6,24.79,86.0,124.0,680.0,,19.0,,0.1,5.66,0.69,50.47,3.36,45.csv,8.2,,Less than 0.01,,1.34,,,,,,,,,,,,,,,,,0.49,,,,,,,,,,21,,,Hyderabad,Hyderabad,,,,,,,,,,,,,,,,,,,,,,,,,,,,,,,,,,,,,,
Osman Sagar (Gandipet),October 2021,U/s of Musi at Gandipet (Osmansagar lake),1172,Lakes & Tanks ,6.1,8.45,419.0,2.2,,,Less than 1.8,33,,,8.6,15.0,110.0,44.0,12.0,5.0,,126.0,30.4,12.15,26.0,,266.0,,7.0,,0.1,,0.31,,,46.csv,0.1,,0.01,,0.1,,,,,,,,,,,,,,,,,0.1,,,,,,,,,,Less than 1.8,,,Shamshabad,RR-I,,,,,,,,,,,,,,,,,,,,,,,,,,,,,,,,,,,,,,
Himayat Sagar,October 2021,Himayathsagar lake,1789,Lakes & Tanks ,6,8.12,446.0,2.1,,0.13,Less than 1.8,40,,,6.0,8.0,125.0,39.0,10.0,5.0,,140.0,30.0,16.0,24.0,,264.0,,6.0,,0.1,,0.32,,,46.csv,0.1,,0.01,,0.1,,,,,,,,,,,,,,,,,0.1,,,,,,,,,,Less than 1.8,,,RR-shamshabad,Rangareddy - I,,,,,,,,,,,,,,,,,,,,,,,,,,,,,,,,,,,,,,
Hussain Sagar,October 2021,Hussain sagar Lake,1391,Lakes & Tanks ,1.2,7.98,1124.0,5.8,,,110,540,,,11.6,5.0,315.0,131.0,52.0,5.0,,332.0,78.4,33.05,78.0,,708.0,,20.0,,0.1,,0.69,,,46.csv,4.6,,0.05,,2.06,,,,,,,,,,,,,,,,,1.12,,,,,,,,,,27,,,Hyderabad,Hyderabad,,,,,,,,,,,,,,,,,,,,,,,,,,,,,,,,,,,,,,
Osman Sagar (Gandipet),November 2021,U/s of Musi at Gandipet (Osmansagar lake),1172,Lakes & Tanks ,5.9,8.16,450.0,2.1,,,Less than 1.8,33.0,,,9.8,8.0,120.0,49.0,10.0,5.0,,135.0,32.8,12.88,29.0,,280.0,,14.0,,0.1,,0.31,,,47.csv,0.18,,0.01,,0.2,,,,,,,,,,,,,,,,,0.1,,,,,,,,,,Less than  1.8,,,Shamshabad,RR-I,,,,,,,,,,,,,,,,,,,,,,,,,,,,,,,,,,,,,,
Himayat Sagar,November 2021,Himayathsagar lake,1789,Lakes & Tanks ,6,8.11,473.0,2.1,,0.1,Less than  1.8,37.0,,,8.6,5.0,125.0,54.0,10.0,5.0,,138.0,34.4,13.12,24.0,,280.0,,13.0,,0.01,,0.34,,,47.csv,0.2,,0.01,,0.18,,,,,,,,,,,,,,,,,0.1,,,,,,,,,,Less than  1.8,,,RR-shamshabad,Rangareddy - I,,,,,,,,,,,,,,,,,,,,,,,,,,,,,,,,,,,,,,
Hussain Sagar,November 2021,Hussain sagar Lake,1391,Lakes & Tanks ,0.6,7.84,1210.0,8.0,,,110,920.0,,,15.0,5.0,340.0,138.0,84.0,5.0,,362.0,91.2,32.56,83.0,,748.0,,26.0,,0.1,,0.71,,,47.csv,10.0,,0.06,,0.6,,,,,,,,,,,,,,,,,1.52,,,,,,,,,,33,,,Hyderabad,Hyderabad,,,,,,,,,,,,,,,,,,,,,,,,,,,,,,,,,,,,,,
Osman Sagar (Gandipet),December 2021,U/s of Musi at Gandipet (Osmansagar lake),1172,Lakes & Tanks ,6.2,8.12,487.0,2.1,,,Less than 1.8,38,,,5.0,5.0,120.0,48.0,10.0,5.0,,135.0,28.8,15.31,32.0,,306.0,,9.0,,0.1,,0.32,,,48.csv,1.2,,0.01,,0.24,,,,,,,,,,,,,,,,,0.1,,,,,,,,,,Less than 1.8,,,Shamshabad,RR-I,,,,,,,,,,,,,,,,,,,,,,,,,,,,,,,,,,,,,,
Himayat Sagar,December 2021,Himayathsagar lake,1789,Lakes & Tanks ,6.1,7.81,526.0,2.1,,,Less than 1.8,27,,,5.0,5.0,135.0,59.0,10.0,5.0,,150.0,36.0,14.58,34.0,,336.0,,5.0,,0.1,,0.35,,,48.csv,1.22,,0.01,,0.26,,,,,,,,,,,,,,,,,0.1,,,,,,,,,,Less than 1.8,,,RR-shamshabad,Rangareddy - I,,,,,,,,,,,,,,,,,,,,,,,,,,,,,,,,,,,,,,
Hussain Sagar,December 2021,Hussain sagar Lake,1391,Lakes & Tanks ,0.3,7.42,1349.0,6.0,,,63,540,,,14.0,5.0,340.0,159.0,66.0,5.0,,360.0,87.6,34.26,98.0,,822.0,,20.0,,0.1,,0.73,,,48.csv,8.0,,0.02,,2.36,,,,,,,,,,,,,,,,,1.78,,,,,,,,,,27,,,Hyderabad,Hyderabad,,,,,,,,,,,,,,,,,,,,,,,,,,,,,,,,,,,,,,
Osman Sagar (Gandipet),January 2022,"Osmansagar Reservior (U/s of Musi at Gandipet), Gandipet (V&M), Rangareddy Dist",1172,Lakes  & Tanks,6,8.13,481.0,1.2,,,Less than 1.8,46,,,2.6,5,130.0,74.0,8.0,1.5,,,,,42.0,,304.0,,10.0,,0.5,,0.34,,,49.csv,,,0.03,,0.2,,,,,,,,,,,,,,,,,0.4,,,,,,,,,,Less than 1.8,,,Shamshabad,,,140.0,85.0,34.0,55.0,13.37,,,,,,,,,,,,,,,,,,,,,,,,,,,,,,,,
Himayat Sagar,January 2022,"Himayathsagar lake, Shamshabad",1789,Lakes  & Tanks,6.1,8.33,522.0,1.0,,,Less than 1.8,63,,,3.8,15,140.0,61.0,8.0,1.5,,,,,36.0,,328.0,,10.0,,0.5,,0.4,,,49.csv,,,0.04,,0.2,,,,,,,,,,,,,,,,,0.4,,,,,,,,,,Less than 1.8,,,RR-shamshabad,,,152.0,90.0,36.0,62.0,15.07,,,,,,,,,,,,,,,,,,,,,,,,,,,,,,,,
Hussain Sagar,January 2022,"Hussain sagar Lake, Domalguda (V), Hyderabad",1391,Lakes  & Tanks,0.3,7.97,1388.0,6.0,,,110,920,,,18.6,5,370.0,167.0,52.0,3.36,,,,,102.0,,860.0,,16.0,,0.5,,0.82,,,49.csv,,,0.02,,2.16,,,,,,,,,,,,,,,,,0.4,,,,,,,,,,4,,,Hyderabad,,,396.0,240.0,96.0,156.0,37.91,,,,,,,,,,,,,,,,,,,,,,,,,,,,,,,,
Osman Sagar (Gandipet),January 2022,"Pedda Cheruvu, Ibrahimbagh, Gandipet",5123,Lakes  & Tanks,No Data,,,,,,,,,,,,,,,,,,,,,,,,,,,,,,,49.csv,,,,,,,,,,,,,,,,,,,,,,,,,,,,,,,,,,,Rangareddy,,,,,,,,,,,,,,,,,,,,,,,,,,,,,,,,,,,,,,,
Osman Sagar (Gandipet),May 2018,"U/s of Musi at Gandipet (Osmansagar lake) (BM-Jan, Apr & Oct)",1172,River Musi,5,7.7,330.0,2,,,NIL,10.0,,,4.0,0,106.0,36.0,20.0,0.6,0.1,118.0,24.0,14.0,12.0,21.0,202.0,167.0,4.0,0.06,0.25,4.0,0.35,26.99,0.84,5.csv,0.88,,,,,,,,,,,,,,,,,,,,,,,,,,,,,,,,,,,,,,,,,,,,,,,,,,,,,,,,,,,,,,,,,,,,,,,,,
Hussain Sagar,May 2018,Hussain sagar Lake,1391,GHMC Areas Lakes /Tanks/ Cheruvus,0.9,7.7,1588.0,12,,,70,580.0,,,8.0,0,410.0,180.0,122.0,10.0,1.2,440.0,94.4,49.57,98.0,148.0,985.0,783.0,80.0,6.2,0.85,12.0,1.24,41.27,3.06,5.csv,9.8,,,,,,,,,,,,,,,,,,,,,,,,,,,,,,,,,,,,,,,,,,,,,,,,,,,,,,,,,,,,,,,,,,,,,,,,,
Himayat Sagar,May 2018,"Himayathsagar lake (BM-Jan, Apr & Oct)",1789,HMDA Area Lakes,5.7,7.64,340.0,2,,,NIL,10.0,,,2.0,0,102.0,38.0,28.0,0.3,0.1,114.0,26.0,12.0,8.0,20.0,219.0,169.0,4.0,0.12,0.22,4.0,0.3,26.57,0.81,5.csv,0.6,,,,,,,,,,,,,,,,,,,,,,,,,,,,,,,,,,,,,,,,,,,,,,,,,,,,,,,,,,,,,,,,,,,,,,,,,
Osman Sagar (Gandipet),February 2022,"Osmansagar Reservior (U/s of Musi at Gandipet), Gandipet (V&M), Rangareddy Dist",1172,Lakes  & Tanks,5.1,7.67,498.0,1.0,,,Less than 1.8,63,,,3.6,5.0,120.0,52.0,5.0,1.5,,,,,32.0,,316.0,,10.0,,0.5,,0.35,,,50.csv,0.3,,0.01,,0.2,,,,,,,,,,,,,,,,,0.4,,,,,,,,,,Less than 1.8,,,Shamshabad,,,130.0,74.0,29.6,56.0,13.61,,,,,,,,,,,,,,,,,,,,,,,,,,,,,,,,
Himayat Sagar,February 2022,"Himayathsagar lake, Shamshabad",1789,Lakes  & Tanks,5.1,7.72,539.0,1.2,,,Less than 1.8,70,,,4.9,5.0,120.0,59.0,8.0,1.5,,,,,34.0,,344.0,,12.0,,0.5,,0.4,,,50.csv,0.3,,0.01,,0.2,,,,,,,,,,,,,,,,,0.4,,,,,,,,,,Less than 1.8,,,RR-shamshabad,,,130.0,74.0,29.6,56.0,13.61,,,,,,,,,,,,,,,,,,,,,,,,,,,,,,,,
Hussain Sagar,February 2022,"Hussain sagar Lake, Domalguda (V), Hyderabad",1391,Lakes  & Tanks,2.5,7.53,1470.0,4.0,,,84,920,,,9.8,5.0,355.0,184.0,60.0,4.48,,,,,108.0,,926.0,,33.0,,0.5,,0.84,,,50.csv,12.2,,0.03,,4.51,,,,,,,,,,,,,,,,,1.66,,,,,,,,,,7.8,,,Hyderabad,,,370.0,226.0,90.4,144.0,34.99,,,,,,,,,,,,,,,,,,,,,,,,,,,,,,,,
Osman Sagar (Gandipet),February 2022,"Pedda Cheruvu, Ibrahimbagh, Gandipet",5123,Lakes  & Tanks,No Data,,,,,,,,,,,,,,,,,,,,,,,,,,,,,,,50.csv,,,,,,,,,,,,,,,,,,,,,,,,,,,,,,,,,,,Rangareddy,,,,,,,,,,,,,,,,,,,,,,,,,,,,,,,,,,,,,,,
Osman Sagar (Gandipet),March 2022,U/s of Musi at Gandipet (Osmansagar lake),1172,Lakes & Tanks ,5.4,8.25,502.0,1.0,,N.A,Less than 1.8,20,N.A,N.A,8.0,5,115.0,58.0,5.0,1.5,,,,,36.0,N.A,316.0,,10.0,,0.5,N.A,0.33,,,51.csv,0.34,,0.04,N.A,0.2,N.A,,,,,,,,,,,,,,,,0.4,,,,,,,,,,Less than 1.8,,,Shamshabad,,,125.0,72.0,28.8,53.0,12.88,,,,,,,,,,,,,,,,,,,,,,,,,,,,,,,,
Himayat Sagar,March 2022,Himayathsagar lake,1789,Lakes & Tanks ,5.2,8.5,555.0,2.1,,N.A,Less than 1.8,12,N.A,N.A,6.0,20,150.0,61.0,8.0,1.5,,,,,36.0,N.A,348.0,,10.0,,0.5,N.A,0.35,,,51.csv,0.32,,0.06,N.A,0.2,N.A,,,,,,,,,,,,,,,,0.4,,,,,,,,,,Less than 1.8,,,RR-shamshabad,,,142.0,82.0,32.8,60.0,14.58,,,,,,,,,,,,,,,,,,,,,,,,,,,,,,,,
Hussain Sagar,March 2022,Hussain sagar Lake,1391,Lakes & Tanks ,0.3,7.34,1498.0,6.2,,N.A,63,350,N.A,N.A,24.0,5,380.0,196.0,68.0,4.48,,,,,118.0,N.A,928.0,,30.0,,0.5,N.A,0.87,,,51.csv,10.6,,0.01,N.A,4.24,N.A,,,,,,,,,,,,,,,,0.4,,,,,,,,,,8.2,,,Hyderabad,,,390.0,240.0,96.0,150.0,36.45,,,,,,,,,,,,,,,,,,,,,,,,,,,,,,,,
Osman Sagar (Gandipet),March 2022,"Pedda Cheruvu, Ibrahimbagh, Gandipet",5123,Lakes & Tanks ,No Data,,,,,,,,,,,,,,,,,,,,,,,,,,,,,,,51.csv,,,,,,,,,,,,,,,,,,,,,,,,,,,,,,,,,,,Rangareddy,,,,,,,,,,,,,,,,,,,,,,,,,,,,,,,,,,,,,,,
Osman Sagar (Gandipet),April 2022,U/s of Musi at Gandipet (Osmansagar lake),1172,Lakes  & Tanks,5.8,7.76,474.0,1,,N.A,Less than 1.8,41,,,4.0,5.0,110.0,49.0,8.0,1.5,,120.0,,,30.0,,290.0,,11.0,,0.5,,0.66,,,52.csv,0.52,,0.07,,0.2,N.A,,,,,,,,,,,,,,,,,0.02,0.03,0.1,0.06,0.1,0.07,0.19,,,Less than 1.8,,,Shamshabad,,,,68.0,27.2,52.0,12.64,0.4,,,,,,,,,,,,,,,,,,,,,,,,,,,,,,,
Himayat Sagar,April 2022,Himayathsagar lake,1789,Lakes  & Tanks,5.8,7.52,520.0,1,,N.A,Less than 1.8,39,,,4.0,5.0,105.0,69.0,12.0,1.5,,116.0,,,32.0,,334.0,,11.0,,0.5,,0.64,,,52.csv,0.56,,0.01,,0.2,N.A,,,,,,,,,,,,,,,,,0.02,0.03,0.1,0.06,0.1,0.03,0.06,,,Less than 1.8,,,RR-shamshabad,,,,72.0,28.8,44.0,10.69,0.4,,,,,,,,,,,,,,,,,,,,,,,,,,,,,,,
Hussain Sagar,April 2022,Hussain sagar Lake,1391,Lakes  & Tanks,0.3,7.65,1566.0,8,,N.A,280,920,,,21.0,5.0,390.0,193.0,87.0,5.6,,405.0,,,82.0,,970.0,,92.0,,0.5,,1.08,,,52.csv,20.8,,0.05,,2.48,N.A,,,,,,,,,,,,,,,,,0.02,0.03,0.1,0.06,0.1,0.02,0.06,,,26,,,Hyderabad,,,,234.0,93.6,171.0,41.55,1.98,,,,,,,,,,,,,,,,,,,,,,,,,,,,,,,
Osman Sagar (Gandipet),April 2022,"Pedda Cheruvu, Ibrahimbagh, Gandipet",5123,Lakes  & Tanks,No Data,,,,,,,,,,,,,,,,,,,,,,,,,,,,,,,52.csv,,,,,,,,,,,,,,,,,,,,,,,,,,,,,,,,,,,Rangareddy,,,,,,,,,,,,,,,,,,,,,,,,,,,,,,,,,,,,,,,
Osman Sagar (Gandipet),May 2022,U/s of Musi at Gandipet (Osmansagar lake),1172,Lakes & Tanks ,6.3,8.03,573.0,4.0,,0.02,,,,,9.0,24.0,184.0,54.0,18.0,,,,,,17.0,23.0,339.0,144,30.0,,,5.8,1.64,,0.73,53.csv,6.32,,0.06,,,0.25,,,,,,,,,,,,20.55,,,,,,,,,,,,,,,,,Shamshabad,,,,,46.0,,17.0,,1.12,185.0,115.0,70.0,,,,,,,,,,,,,,,,,,,,,,,,,,,
Himayat Sagar,May 2022,Himayathsagar lake,1789,Lakes & Tanks ,6.3,7.96,563.0,6.0,,0.02,,,,,18.2,15.0,176.0,63.0,30.0,,,,,,23.0,40.0,324.0,183,10.0,,,5.5,1.19,,1.27,53.csv,8.0,,0.08,,,0.18,,,,,,,,,,,,30.98,,,,,,,,,,,,,,,,,RR-shamshabad,,,,,24.0,,30.4,,1.68,185.1,60.0,125.1,,,,,,,,,,,,,,,,,,,,,,,,,,,
Hussain Sagar,May 2022,Hussain sagar Lake,1391,Lakes & Tanks ,4.7,7.62,1447.0,20.0,,0.02,,,,,13.0,16.0,276.0,179.0,106.0,,,,,,65.0,130.0,793.0,551,97.0,,,23.0,0.73,,3.2,53.csv,18.6,,0.05,,,6.4,,,,,,,,,,,,45.25,,,,,,,,,,,,,,,,,Hyderabad,,,,,70.0,,33.0,,2.2,310.8,175.0,135.8,,,,,,,,,,,,,,,,,,,,,,,,,,,
Osman Sagar (Gandipet),May 2022,"Pedda Cheruvu, Ibrahimbagh, Gandipet",5123,Lakes & Tanks ,station code : 4228 & 5123 are same,,,,,,,,,,,,,,,,,,,,,,,,,,,,,,,53.csv,,,,,,,,,,,,,,,,,,,,,,,,,,,,,,,,,,,Rangareddy,,,,,,,,,,,,,,,,,,,,,,,,,,,,,,,,,,,,,,,
Osman Sagar (Gandipet),June 2022,U/s of Musi at Gandipet (Osmansagar lake),1172,Lakes & Tanks ,5.9,8.19,456.0,1.2,,,Less than 1.8,26,N.A,N.A,7.0,5,120,56.0,8.0,1.5,,,,,28.0,,282.0,,10.0,,0.5,,0.3,,,54.csv,1.1,,0.04,N.A,3.1,,,,,,,,,,,,,,,,,,,,,,,,,,,Less than 1.8,,,Shamshabad,,,,,31.2,,11.0,,0.4,125.0,78.0,47.0,,,,,,,,,,,,,,,,,,,,,,,,,,,
Himayat Sagar,June 2022,Himayathsagar lake,1789,Lakes & Tanks ,6.1,8.35,568.0,1.0,,,Less than 1.8,26,N.A,N.A,6.0,10,135,64.0,12.0,1.5,,,,,30.0,,352.0,,10.0,,0.5,,0.32,,,54.csv,1.0,,0.05,N.A,0.2,,,,,,,,,,,,,,,,,,,,,,,,,,,Less than 1.8,,,RR-shamshabad,,,,,37.6,,12.39,,0.4,145.0,94.0,51.0,,,,,,,,,,,,,,,,,,,,,,,,,,,
Hussain Sagar,June 2022,Hussain sagar Lake,1391,Lakes & Tanks ,0.3,7.73,1401.0,12.0,,,430,1600,N.A,N.A,6.0,5,320,204.0,129.0,3.36,,,,,126.0,,882.0,,10.0,,0.5,,0.89,,,54.csv,8.9,,0.02,N.A,3.35,,,,,,,,,,,,,,,,,,,,,,,,,,,11,,,Hyderabad,,,,,86.0,,32.8,,0.47,350.0,215.0,135.0,,,,,,,,,,,,,,,,,,,,,,,,,,,
Osman Sagar (Gandipet),June 2022,"Pedda Cheruvu, Ibrahimbagh, Gandipet",5123,Lakes & Tanks ,station code : 4228 & 5123 are same,,,,,,,,,,,,,,,,,,,,,,,,,,,,,,,54.csv,,,,,,,,,,,,,,,,,,,,,,,,,,,,,,,,,,,Rangareddy,,,,,,,,,,,0.0,0.0,,,,,,,,,,,,,,,,,,,,,,,,,,,
Osman Sagar (Gandipet),July 2022,U/s of Musi at Gandipet (Osmansagar lake),1172,Lakes & Tanks ,6.2,8.07,418.0,1.1,,,Less than 1.8,22.0,N.A,N.A,10.2,5.0,100.0,51.0,8.0,1.5,,,,,29.0,,258.0,,10.0,,0.5,,0.2,,,55.csv,1.2,,0.02,N.A,0.2,,,,,,,,,,,,,,,,,,,,,,,,,,,Less than 1.8,,,Shamshabad,,,,,24.0,,10.94,,0.4,105.0,60.0,45.0,,,,,,,,,,,,,,,,,,,,,,,,,,,
Himayat Sagar,July 2022,Himayathsagar lake,1789,Lakes & Tanks ,6.2,7.98,507.0,1.1,,,Less than 1.8,17.0,N.A,N.A,11.5,5.0,105.0,70.0,8.0,1.5,,,,,41.0,,304.0,,10.0,,0.5,,0.2,,,55.csv,1.1,,0.02,N.A,0.22,,,,,,,,,,,,,,,,,,,,,,,,,,,Less than 1.8,,,RR-shamshabad,,,,,26.0,,12.15,,0.4,115.0,65.0,50.0,,,,,,,,,,,,,,,,,,,,,,,,,,,
Hussain Sagar,July 2022,Hussain sagar Lake,1391,Lakes & Tanks ,2.2,7.64,1105.0,5.2,,,280,540.0,N.A,N.A,11.5,5.0,230.0,162.0,48.0,4.48,,,,,98.0,,648.0,,16.0,,0.5,,0.98,,,55.csv,4.8,,0.01,N.A,3.42,,,,,,,,,,,,,,,,,,,,,,,,,,,6.1,,,Hyderabad,,,,,58.0,,24.3,,0.56,245.0,145.0,100.0,,,,,,,,,,,,,,,,,,,,,,,,,,,
Osman Sagar (Gandipet),July 2022,"Pedda Cheruvu, Ibrahimbagh, Gandipet",5123,Lakes & Tanks ,station code : 4228 & 5123 are same,,,,,,,,,,,,,,,,,,,,,,,,,,,,,,,55.csv,,,,,,,,,,,,,,,,,,,,,,,,,,,,,,,,,,,Rangareddy,,,,,,,,,,,,,,,,,,,,,,,,,,,,,,,,,,,,,,,
Osman Sagar (Gandipet),August 2022,U/s of Musi at Gandipet (Osmansagar lake),1172,Lakes & Tanks ,6.4,7.93,409.0,1.0,,,Less than 1.8,42.0,N.A,N.A,8.0,5.0,90.0,58.0,8.0,1.5,,,,,19.0,,248.0,,10.0,,0.5,,0.48,,,56.csv,0.42,,0.02,N.A,0.2,,,,,,,,,,,,,,,,,,,,,,,,,,,Less than 1.8,,,Shamshabad,,,,,22.4,,8.26,,0.4,90.0,56.0,34.0,,,,,,,,,,,,,,,,,,,,,,,,,,,
Himayat Sagar,August 2022,Himayathsagar lake,1789,Lakes & Tanks ,6.3,7.78,441.0,1.0,,,Less than 1.8,43.0,N.A,N.A,8.0,5.0,90.0,52.0,8.0,1.5,,,,,28.0,,264.0,,10.0,,0.5,,0.39,,,56.csv,0.96,,0.01,N.A,2.36,,,,,,,,,,,,,,,,,,,,,,,,,,,Less than 1.8,,,RR-shamshabad,,,,,22.0,,9.72,,0.4,95.0,55.0,40.0,,,,,,,,,,,,,,,,,,,,,,,,,,,
Hussain Sagar,August 2022,Hussain sagar Lake,1391,Lakes & Tanks ,1,7.57,1053.0,4.0,,,350,1600.0,N.A,N.A,12.0,5.0,255.0,135.0,43.0,4.48,,,,,84.0,,652.0,,14.0,,0.5,,1.16,,,56.csv,6.8,,0.02,N.A,3.28,,,,,,,,,,,,,,,,,,,,,,,,,,,4,,,Hyderabad,,,,,64.0,,26.73,,0.81,270.0,160.0,110.0,,,,,,,,,,,,,,,,,,,,,,,,,,,
Osman Sagar (Gandipet),August 2022,"Pedda Cheruvu, Ibrahimbagh, Gandipet",5123,Lakes & Tanks ,station code : 4228 & 5123 are same,,,,,,,,,,,,,,,,,,,,,,,,,,,,,,,56.csv,,,,,,,,,,,,,,,,,,,,,,,,,,,,,,,,,,,Rangareddy,,,,,,,,,,,,,,,,,,,,,,,,,,,,,,,,,,,,,,,
Osman Sagar (Gandipet),September 2022,U/s of Musi at Gandipet (Osmansagar lake),1172,Lakes & Tanks ,6.3,8.03,380.0,1.0,,,Less than 1.8,42.0,N.A,N.A,8.0,5.0,88.0,42.0,12.0,1.5,,,,,21.0,,234.0,,10.0,,0.5,,0.62,,,57.csv,0.7,,0.02,N.A,0.2,,,,,,,,,,,,,,,,,,,,,,,,,,,Less than 1.8,,,Shamshabad,,,,,22.0,,8.5,,0.4,90.0,55.0,35.0,,,,,,,,,,,,,,,,,,,,,,,,,,,
Himayat Sagar,September 2022,Himayathsagar lake,1789,Lakes & Tanks ,6.4,8.02,465.0,1.0,,,Less than 1.8,43.0,N.A,N.A,8.0,5.0,128.0,40.0,8.0,1.5,,,,,25.0,,278.0,,10.0,,0.5,,0.6,,,57.csv,0.88,,0.02,N.A,0.2,,,,,,,,,,,,,,,,,,,,,,,,,,,Less than 1.8,,,RR-shamshabad,,,,,30.0,,8.5,,0.4,110.0,75.0,35.0,,,,,,,,,,,,,,,,,,,,,,,,,,,
Hussain Sagar,September 2022,Hussain sagar Lake,1391,Lakes & Tanks ,1,7.55,1235.0,5.8,,,170,1600.0,N.A,N.A,7.2,5.0,295.0,149.0,121.0,5.6,,,,,90.0,,754.0,,16.0,,0.5,,1.0,,,57.csv,6.1,,0.04,N.A,2.46,,,,,,,,,,,,,,,,,,,,,,,,,,,4,,,Hyderabad,,,,,78.4,,27.7,,1.58,310.0,196.0,114.0,,,,,,,,,,,,,,,,,,,,,,,,,,,
Osman Sagar (Gandipet),September 2022,"Pedda Cheruvu, Ibrahimbagh, Gandipet",5123,Lakes & Tanks ,station code : 4228 & 5123 are same,,,,,,,,,,,,,,,,,,,,,,,,,,,,,,,57.csv,,,,,,,,,,,,,,,,,,,,,,,,,,,,,,,,,,,Rangareddy,,,,,,,,,,,,,,,,,,,,,,,,,,,,,,,,,,,,,,,
Osman Sagar (Gandipet),October 2022,U/s of Musi at Gandipet (Osmansagar lake),1172,Lakes & Tanks ,6.4,8.28,460.0,1.0,,,Less than 1.8,40,N.A,N.A,7.2,10.0,110.0,48.0,8.0,1.5,,,,,25.0,,278.0,,10.0,,0.5,,0.67,,,58.csv,1.2,,0.05,N.A,0.24,,,,,,,,,,,,,,,,,,,,,,,,,,,Less than 1.8,,,Shamshabad,,,,,48.8,,15.31,,0.4,185.0,122.0,63.0,,,,,,,,,,,,,,,,,,,,,,,,,,,
Himayat Sagar,October 2022,Himayathsagar lake,1789,Lakes & Tanks ,6.4,8.47,522.0,1.0,,,Less than 1.8,38,N.A,N.A,6.6,10.0,122.0,57.0,8.0,1.5,,,,,28.0,,314.0,,10.0,,0.5,,0.69,,,58.csv,1.0,,0.07,N.A,0.2,,,,,,,,,,,,,,,,,,,,,,,,,,,Less than 1.8,,,RR-shamshabad,,,,,56.0,,19.44,,0.4,220.0,140.0,80.0,,,,,,,,,,,,,,,,,,,,,,,,,,,
Hussain Sagar,October 2022,Hussain sagar Lake,1391,Lakes & Tanks ,3.8,7.52,994.0,3.0,,,32,540,N.A,N.A,6.9,5.0,235.0,115.0,59.0,5.6,,,,,70.0,,616.0,,14.0,,0.5,,0.76,,,58.csv,3.8,,0.03,N.A,0.7,,,,,,,,,,,,,,,,,,,,,,,,,,,4,,,Hyderabad,,,,,62.0,,23.09,,1.38,250.0,155.0,95.0,,,,,,,,,,,,,,,,,,,,,,,,,,,
Osman Sagar (Gandipet),October 2022,"Pedda Cheruvu, Ibrahimbagh, Gandipet",5123,Lakes & Tanks ,station code : 4228 & 5123 are same,,,,,,,,,,,,,,,,,,,,,,,,,,,,,,,58.csv,,,,,,,,,,,,,,,,,,,,,,,,,,,,,,,,,,,Rangareddy,,,,,,,,,,,,,,,,,,,,,,,,,,,,,,,,,,,,,,,
Osman Sagar (Gandipet),November 2022,U/s of Musi at Gandipet (Osmansagar lake),1172,Lakes & Tanks ,6.2,7.93,450.0,1.0,,,Less than 1.8,33.0,N.A,N.A,5.2,5.0,90.0,56.0,8.0,1.5,,,,,32.0,,,,10.0,,0.5,,,,,59.csv,1.72,,0.02,N.A,0.04,,,,,,,,,,,,,,,,,,,,,,,,,,,Less than 1.8,,,Shamshabad,,,,,24.0,,9.72,,0.4,100.0,60.0,40.0,,,,,,,,,,,,,,,,,,,,,,,,,,,
Himayat Sagar,November 2022,Himayathsagar lake,1789,Lakes & Tanks ,6.4,7.97,452.0,1.0,,,Less than 1.8,33.0,N.A,N.A,7.0,5.0,90.0,63.0,8.0,1.5,,,,,23.0,,,,10.0,,0.5,,,,,59.csv,1.52,,0.02,N.A,0.03,,,,,,,,,,,,,,,,,,,,,,,,,,,Less than 1.8,,,RR-shamshabad,,,,,24.0,,8.5,,0.4,95.0,60.0,35.0,,,,,,,,,,,,,,,,,,,,,,,,,,,
Hussain Sagar,November 2022,Hussain sagar Lake,1391,Lakes & Tanks ,3,7.31,1125.0,4.0,,,39,540.0,N.A,N.A,9.2,5.0,245.0,135.0,87.0,5.6,,,,,84.0,,,,14.0,,0.5,,,,,59.csv,4.32,,0.04,N.A,1.22,,,,,,,,,,,,,,,,,,,,,,,,,,,4,,,Hyderabad,,,,,70.0,,21.87,,3.12,265.0,175.0,90.0,,,,,,,,,,,,,,,,,,,,,,,,,,,
Osman Sagar (Gandipet),November 2022,"Pedda Cheruvu, Ibrahimbagh, Gandipet",5123,Lakes & Tanks ,station code : 4228 & 5123 are same,,,,,,,,,,,,,,,,,,,,,,,,,,,,,,,59.csv,,,,,,,,,,,,,,,,,,,,,,,,,,,,,,,,,,,Rangareddy,,,,,,,,,,,,,,,,,,,,,,,,,,,,,,,,,,,,,,,
Osman Sagar (Gandipet),June 2018,"U/s of Musi at Gandipet (Osmansagar lake) (BM-Jan, Apr & Oct)",1172,River Musi,5.9,8.32,298.0,3,,,NIL,30.0,,,10.0,12.0,85.0,36.0,20.0,BDL,Less than 0.1,80.0,16.8,9.23,11.0,28.0,231.0,181.0,4.0,0.28,0.14,6.0,0.82,40.97,0.96,6.csv,1.2,,,,,,,,,,,,,,,,,,,,,,,,,,,,,,,,,,,,,,,,,,,,,,,,,,,,,,,,,,,,,,,,,,,,,,,,,
Hussain Sagar,June 2018,Hussain sagar Lake,1391,GHMC Areas Lakes /Tanks/ Cheruvus,1.8,7.77,1553.0,13,,,20,260.0,,,30.0,0.0,395.0,189.0,130.0,7,,322.0,68.0,36.94,60.0,177.0,1194.0,959.0,30.0,4.8,0.32,24.0,2.02,52.17,3.03,6.csv,11.0,,,,,,,,,,,,,,,,,,,,,,,,,,,,,,,,,,,,,,,,,,,,,,,,,,,,,,,,,,,,,,,,,,,,,,,,,
Himayat Sagar,June 2018,"Himayathsagar lake (BM-Jan, Apr & Oct)",1789,HMDA Area Lakes,5,8.44,302.0,3,,,NIL,32.0,,,12.0,14.0,85.0,32.0,37.0,BDL,,80.0,16.4,9.48,8.0,24.0,240.0,185.0,6.0,0.36,0.14,6.5,0.94,37.13,0.82,6.csv,2.4,,,,,,,,,,,,,,,,,,,,,,,,,,,,,,,,,,,,,,,,,,,,,,,,,,,,,,,,,,,,,,,,,,,,,,,,,
Osman Sagar (Gandipet),December 2022,U/s of Musi at Gandipet (Osmansagar lake),1172,Lakes & Tanks ,6.2,8.28,437.0,1.0,,,Less than 1.8,21,,,2.8,15.0,105.0,58.0,6.0,1.5,,,,,36.0,,270.0,,10.0,,0.5,,0.54,,,60.csv,1.1,,0.04,,0.3,,,,,,,,,,,,,,,,,,,,,,,,,,,Less than 1.8,,,Shamshabad,,,,,27.6,,11.18,,0.4,115.0,69.0,46.0,,,,,,,,,,,,,,,,,,,,,,,,,,,
Himayat Sagar,December 2022,Himayathsagar lake,1789,Lakes & Tanks ,6,8.04,516.0,1.2,,,Less than 1.8,31,,,9.1,5.0,110.0,64.0,20.0,1.5,,,,,37.0,,326.0,,13.0,,0.5,,0.62,,,60.csv,1.06,,0.03,,0.32,,,,,,,,,,,,,,,,,,,,,,,,,,,Less than 1.8,,,RR-shamshabad,,,,,32.4,,13.12,,0.4,135.0,81.0,54.0,,,,,,,,,,,,,,,,,,,,,,,,,,,
Hussain Sagar,December 2022,Hussain sagar Lake,1391,Lakes & Tanks ,2.2,7.68,1165.0,4.0,,,41,540,,,14.7,5.0,235.0,142.0,47.0,5.6,,,,,96.0,,722.0,,21.0,,0.5,,0.98,,,60.csv,4.8,,0.09,,2.52,,,,,,,,,,,,,,,,,,,,,,,,,,,4,,,Hyderabad,,,,,70.0,,29.16,,3.12,295.0,175.0,120.0,,,,,,,,,,,,,,,,,,,,,,,,,,,
Osman Sagar (Gandipet),December 2022,"Pedda Cheruvu, Ibrahimbagh, Gandipet",5123,Lakes & Tanks ,station code : 4228 & 5123 are same,,,,,,,,,,,,,,,,,,,,,,,,,,,,,,,60.csv,,,,,,,,,,,,,,,,,,,,,,,,,,,,,,,,,,,Rangareddy,,,,,,,,,,,,,,,,,,,,,,,,,,,,,,,,,,,,,,,
Osman Sagar (Gandipet),January 2023,"Osmansagar Reservior (U/s of Musi at Gandipet), Gandipet (V&M), Rangareddy Dist",1172,Lakes  & Tanks,6,8.21,,2.0,,,Less than 1.8,24.0,,,1.0,20,120.0,66.0,16.0,1.5,,,,,36.0,,296.0,,10.0,,0.5,,0.42,,,61.csv,1.1,,0.04,,0.2,,,,,,,,,,,,,,,,,0.4,,,,,,,,,,Less than 1.8,,,Shamshabad,,,125.0,65.0,26.0,60.0,14.58,,,,,,470.0,,,,,,,,,,,,,,,,,,,,,,,,,,
Himayat Sagar,January 2023,"Himayathsagar lake, Shamshabad",1789,Lakes  & Tanks,6,7.84,,1.4,,,Less than 1.8,34.0,,,4.6,5,125.0,66.0,8.0,1.5,,,,,43.0,,344.0,,10.0,,0.5,,0.48,,,61.csv,1.2,,0.02,,0.24,,,,,,,,,,,,,,,,,0.4,,,,,,,,,,Less than 1.8,,,RR-shamshabad,,,130.0,75.0,30.0,55.0,13.37,,,,,,564.0,,,,,,,,,,,,,,,,,,,,,,,,,,
Hussain Sagar,January 2023,"Hussain sagar Lake, Domalguda (V), Hyderabad",1391,Lakes  & Tanks,1.1,7.47,,5.6,,,48,540.0,,,10.8,5,295.0,157.0,51.0,7.0,,,,,99.0,,822.0,,22.0,,0.5,,0.76,,,61.csv,3.8,,0.06,,0.98,,,,,,,,,,,,,,,,,3.62,,,,,,,,,,5.6,,,Hyderabad,,,305.0,160.0,64.0,145.0,35.23,,,,,,1327.0,,,,,,,,,,,,,,,,,,,,,,,,,,
Osman Sagar (Gandipet),January 2023,"Pedda Cheruvu, Ibrahimbagh, Gandipet",5123,Lakes  & Tanks,station code : 4228 & 5123 are same,,,,,,,,,,,,,,,,,,,,,,,,,,,,,,,61.csv,,,,,,,,,,,,,,,,,,,,,,,,,,,,,,,,,,,Rangareddy,,,,,,,,,,,,,,,,,,,,,,,,,,,,,,,,,,,,,,,
Osman Sagar (Gandipet),February 2023,"Osmansagar Reservior (U/s of Musi at Gandipet), Gandipet (V&M), Rangareddy Dist",1172,Lakes  & Tanks,4.9,7.93,,2.5,,,25,Less than 1.8,,,2.0,5,105.0,62.0,27.0,1.5,,,,,36.0,,292.0,,5.0,,0.5,,0.52,,,62.csv,2.0,,0.02,,0.2,,,,,,,,,,,,,,,,,0.4,,,,,,,,,,Less than 1.8,,,Shamshabad,,,115.0,65.0,26.0,50.0,12.15,,,,,,487.0,,,,,,,,,,,,,,,,,,,,,,,,,,
Himayat Sagar,February 2023,"Himayathsagar lake, Shamshabad",1789,Lakes  & Tanks,5.2,8.28,,3.2,,,Less than 1.8,38,,,2.0,5,140.0,74.0,39.0,1.5,,,,,44.0,,352.0,,6.0,,0.5,,0.58,,,62.csv,2.2,,0.04,,0.2,,,,,,,,,,,,,,,,,0.4,,,,,,,,,,Less than 1.8,,,RR-shamshabad,,,166.0,80.0,32.0,86.0,20.9,,,,,,584.0,,,,,,,,,,,,,,,,,,,,,,,,,,
Hussain Sagar,February 2023,"Hussain sagar Lake, Domalguda (V), Hyderabad",1391,Lakes  & Tanks,0.3,7.98,,6.0,,,41,540,,,8.9,5,280.0,169.0,60.0,5.6,,,,,106.0,,734.0,,20.0,,0.5,,0.75,,,62.csv,4.6,,0.17,,2.64,,,,,,,,,,,,,,,,,3.16,,,,,,,,,,5.5,,,Hyderabad,,,300.0,170.0,68.0,130.0,31.59,,,,,,1205.0,,,,,,,,,,,,,,,,,,,,,,,,,,
Osman Sagar (Gandipet),February 2023,"Pedda Cheruvu, Ibrahimbagh, Gandipet",5123,Lakes  & Tanks,station code : 4228 & 5123 are same,,,,,,,,,,,,,,,,,,,,,,,,,,,,,,,62.csv,,,,,,,,,,,,,,,,,,,,,,,,,,,,,,,,,,,Rangareddy,,,,,,,,,,,,,,,,,,,,,,,,,,,,,,,,,,,,,,,
Osman Sagar (Gandipet),March 2023,"Osmansagar Reservior (U/s of Musi at Gandipet), Gandipet (V&M), Rangareddy Dist",1172,Lakes  & Tanks,5.3,8.14,,2.0,,,Less than 1.8,27.0,,,9.2,5,105.0,74.0,36.0,1.5,,,,,22,,290.0,,10,,0.5,,0.43,,,63.csv,1.8,,0.03,,0.2,,,,,,,,,,,,,,,,,0.4,,,,,,,,,,Less than 1.8,,,Shamshabad,,,110.0,60.0,24.0,50.0,12.15,,,,,,501.0,,,,,,,,,,,,,,,,,,,,,,,,,,
Himayat Sagar,March 2023,"Himayathsagar lake, Shamshabad",1789,Lakes  & Tanks,5.2,7.49,,1.8,,,Less than 1.8,41.0,,,8.6,5,130.0,98.0,32.0,1.5,,,,,26,,368.0,,11,,0.5,,0.49,,,63.csv,2.0,,0.01,,0.2,,,,,,,,,,,,,,,,,0.4,,,,,,,,,,Less than 1.8,,,RR-shamshabad,,,140.0,80.0,32.0,60.0,14.58,,,,,,624.0,,,,,,,,,,,,,,,,,,,,,,,,,,
Hussain Sagar,March 2023,"Hussain sagar Lake, Domalguda (V), Hyderabad",1391,Lakes  & Tanks,0.3,7.7,,9.0,,,43,540.0,,,16.6,5,345.0,182.0,96.0,7.0,,,,,112,,920.0,,24,,0.5,,0.79,,,63.csv,4.8,,0.1,,2.45,,,,,,,,,,,,,,,,,3.84,,,,,,,,,,6.1,,,Hyderabad,,,375.0,165.0,66.0,210.0,51.03,,,,,,1484.0,,,,,,,,,,,,,,,,,,,,,,,,,,
Osman Sagar (Gandipet),March 2023,"Pedda Cheruvu, Ibrahimbagh, Gandipet",5123,Lakes  & Tanks,station code : 4228 & 5123 are same,,,,,,,,,,,,,,,,,,,,,,,,,,,,,,,63.csv,,,,,,,,,,,,,,,,,,,,,,,,,,,,,,,,,,,Rangareddy,,,,,,,,,,,,,,,,,,,,,,,,,,,,,,,,,,,,,,,
Osman Sagar (Gandipet),April 2023,"Osmansagar Reservior (U/s of Musi at Gandipet), Gandipet (V&M), Rangareddy Dist",1172,Lakes  & Tanks,6.1,7.73,,1.4,,,Less than 1.8,17.0,,,7.0,5,85.0,14.0,16.0,Less than 1.8,,,,,6,,132.0,,14,,0.5,,0.55,,,64.csv,1.8,,,,0.38,,,,,,,,,,,,,,,,,Less than 1.8,0.0,0.0,0.02,0.0,0.03,0.05,0.1,,,Less than 1.8,,,Shamshabad,,,102.0,50.0,20.0,52.0,12.64,,,,,,221.0,,,,,,,,,,,,,,,,,,,,,,,,,,
Himayat Sagar,April 2023,"Himayathsagar lake, Shamshabad",1789,Lakes  & Tanks,6,8.11,,1.8,,,Less than 1.8,32.0,,,9.0,5,125.0,76.0,35.0,1.5,,,,,42,,358.0,,18,,0.5,,0.46,,,64.csv,2.2,,,,0.2,,,,,,,,,,,,,,,,,0.4,0.0,0.0,0.0,0.0,0.0,0.0,0.03,,,Less than 1.8,,,RR-shamshabad,,,140.0,75.0,30.0,65.0,15.79,,,,,,587.0,,,,,,,,,,,,,,,,,,,,,,,,,,
Hussain Sagar,April 2023,"Hussain sagar Lake, Domalguda (V), Hyderabad",1391,Lakes  & Tanks,0.3,7.58,,6.0,,,40,540.0,,,9.0,5,266.0,182.0,86.0,8.4,,,,,110,,908.0,,17,,0.5,,0.79,,,64.csv,4.4,,,,2.48,,,,,,,,,,,,,,,,,3.62,0.0,0.0,0.08,0.0,0.03,0.0,0.05,,,5.6,,,Hyderabad,,,362.0,207.0,82.8,155.0,37.66,,,,,,1388.0,,,,,,,,,,,,,,,,,,,,,,,,,,
Osman Sagar (Gandipet),April 2023,"Pedda Cheruvu, Ibrahimbagh, Gandipet",5123,Lakes  & Tanks,station code : 4228 & 5123 are same,,,,,,,,,,,,,,,,,,,,,,,,,,,,,,,64.csv,,,,,,,,,,,,,,,,,,,,,,,,,,,,,,,,,,,Rangareddy,,,,,,,,,,,,,,,,,,,,,,,,,,,,,,,,,,,,,,,
Osman Sagar (Gandipet),May 2023,U/s of Musi at Gandipet (Osmansagar lake),1172,Lakes & Tanks ,6,8.28,,1.2,,,Less than 1.8,41.0,,,4.0,15,124.0,41.0,24.0,1.5,,122.0,,,20.0,,228.0,,10.0,,0.5,,0.58,,,65.csv,0.57,,,,0.2,,,,,,,,,,,,,,,,,,,,,,,,,,,Less than 1.8,,,Shamshabad,,,,,28.8,,12.15,0.4,,,72.0,50.0,388.0,,,,,,,,,,,,,,,,,,,,,,,,,,
Himayat Sagar,May 2023,Himayathsagar lake,1789,Lakes & Tanks ,6,7.96,,1.6,,,Less than 1.8,24.0,,,7.2,5,122.0,38.0,32.0,1.5,,144.0,,,20.0,,244.0,,10.0,,0.5,,0.55,,,65.csv,0.58,,,,0.2,,,,,,,,,,,,,,,,,,,,,,,,,,,Less than 1.8,,,RR-shamshabad,,,,,32.0,,15.55,0.4,,,80.0,64.0,402.0,,,,,,,,,,,,,,,,,,,,,,,,,,
Hussain Sagar,May 2023,Hussain sagar Lake,1391,Lakes & Tanks ,0.3,7.71,,14,,,63,920.0,,,24.0,5,320.0,145.0,161.0,12.8,,345.0,,,92.0,,760.0,,28.0,,0.5,,0.98,,,65.csv,4.8,,,,3.2,,,,,,,,,,,,,,,,,,,,,,,,,,,17,,,Hyderabad,,,,,74.0,,38.88,2.6,,,185.0,160.0,1316.0,,,,,,,,,,,,,,,,,,,,,,,,,,
Osman Sagar (Gandipet),May 2023,"Pedda Cheruvu, Ibrahimbagh, Gandipet",5123,Lakes & Tanks ,station code : 4228 & 5123 are same,,,,,,,,,,,,,,,,,,,,,,,,,,,,,,,65.csv,,,,,,,,,,,,,,,,,,,,,,,,,,,,,,,,,,,,,,,,,,,,,,,,,,,,,,,,,,,,,,,,,,,,,,,,,,
Osman Sagar (Gandipet),June 2023,U/s of Musi at Gandipet (Osmansagar lake),1172,Lakes & Tanks ,6.1,7.97,,1.8,,,Less than 1.8,26.0,,,5.0,5,116.0,54.0,38.0,1.5,,136.0,34.0,12.39,29.0,#,266.0,,10.0,,0.5,#,0.2,,,66.csv,0.5,,,,0.2,,,,,,,,,,,,,,,,,,,,,,,,,,,Less than 1.8,,,Warangal Rural,,,,,,,,0.4,,,85.0,51.0,422.0,,,,,,,,,,,,,,,,,,,,,,,,,,
Himayat Sagar,June 2023,Himayathsagar lake,1789,Lakes & Tanks ,6,7.65,,1.8,,,Less than 1.8,22.0,,,4.0,5,132.0,86.0,37.0,1.5,,164.0,42.4,14.09,48.0,#,402.0,,11.0,,0.5,#,0.2,,,66.csv,0.8,,,,0.2,,,,,,,,,,,,,,,,,,,,,,,,,,,Less than 1.8,,,RR-shamshabad,,,,,,,,0.4,,,106.0,58.0,648.0,,,,,,,,,,,,,,,,,,,,,,,,,,
Hussain Sagar,June 2023,Hussain sagar Lake,1391,Lakes & Tanks ,0.3,7.94,,8.0,,,17,170.0,,,16.0,5,310.0,172.0,112.0,1.5,,320.0,62.0,40.09,98.0,#,780.0,,28.0,,0.5,#,0.93,,,66.csv,1.88,,,,2.7,,,,,,,,,,,,,,,,,,,,,,,,,,,4,,,Hyderabad,,,,,,,,1.4,,,155.0,165.0,1328.0,,,,,,,,,,,,,,,,,,,,,,,,,,
Osman Sagar (Gandipet),June 2023,"Pedda Cheruvu, Ibrahimbagh, Gandipet",5123,Lakes & Tanks ,station code : 4228 & 5123 are same,,,,,,,,,,,,,,,,,,,,,,,,,,,,,,,66.csv,,,,,,,,,,,,,,,,,,,,,,,,,,,,,,,,,,,,,,,,,,,,,,,,,,,,,,,,,,,,,,,,,,,,,,,,,,
Osman Sagar (Gandipet),July 2023,U/s of Musi at Gandipet (Osmansagar lake),1172,Lakes & Tanks ,6.2,7.82,,1.8,,,Less than 1.8,14.0,,,4.0,5,122.0,44.0,8.0,1.5,,122.0,,,32.0,#,264.0,,6.0,,0.5,#,0.2,,,67.csv,0.58,,,,0.2,,,,,,,,,,,,,,,,,,,,,,,,,,,Less than 1.8,,,Shamshabad,,,,,57.0,,13.85,0.4,,,65.0,26.0,444.0,,,,,,,,,,,,,,,,,,,,,,,,,,
Himayat Sagar,July 2023,Himayathsagar lake,1789,Lakes & Tanks ,6.2,7.42,,1.8,,,Less than 1.8,21.0,,,6.0,5,102.0,44.0,16.0,1.5,,144.0,,,36.0,#,244.0,,6.0,,0.5,#,0.2,,,67.csv,0.71,,,,0.2,,,,,,,,,,,,,,,,,,,,,,,,,,,Less than 1.8,,,RR-shamshabad,,,,,69.0,,16.77,0.4,,,75.0,30.0,402.0,,,,,,,,,,,,,,,,,,,,,,,,,,
Hussain Sagar,July 2023,Hussain sagar Lake,1391,Lakes & Tanks ,0.3,7.3,,9.0,,,26,540.0,,,24.0,5,290.0,169.0,118.0,8.4,,305.0,,,104.0,#,866.0,,28.0,,0.5,#,1.54,,,67.csv,4.56,,,,2.96,,,,,,,,,,,,,,,,,,,,,,,,,,,8.3,,,Hyderabad,,,,,115.0,,27.95,2.56,,,190.0,76.0,1396.0,,,,,,,,,,,,,,,,,,,,,,,,,,
Osman Sagar (Gandipet),July 2023,"Pedda Cheruvu, Ibrahimbagh, Gandipet",5123,Lakes & Tanks ,station code : 4228 & 5123 are same,,,,,,,,,,,,,,,,,,,,,,,,,,,,,,,67.csv,,,,,,,,,,,,,,,,,,,,,,,,,,,,,,,,,,,RR-shamshabad,,,,,,,,,,,,,,,,,,,,,,,,,,,,,,,,,,,,,,,
Osman Sagar (Gandipet),August 2023,U/s of Musi at Gandipet (Osmansagar lake),1172,Lakes & Tanks ,6.2,7.81,,1.8,,,Less than 1.8,24.0,,,8.0,5.0,132.0,48.0,28.0,1.5,,145.0,,,28.0,,302.0,,10.0,,0.5,,0.48,,,68.csv,0.3,,,,1.2,,,,,,,,,,,,,,,,,,,,,,,,,,,Less than 1.8,,,,,,,,29.6,,17.25,0.4,,,74.0,71.0,489.0,,,,,,,,,,,,,,,,,,,,,,,,,,
Himayat Sagar,August 2023,Himayathsagar lake,1789,Lakes & Tanks ,6.2,7.92,,1.8,,,Less than 1.8,27.0,,,6.0,5.0,128.0,52.0,20.0,1.5,,140.0,,,29.0,,306.0,,10.0,,0.5,,1.16,,,68.csv,0.3,,,,1.0,,,,,,,,,,,,,,,,,,,,,,,,,,,Less than 1.8,,,,,,,,31.2,,15.07,0.4,,,78.0,62.0,484.0,,,,,,,,,,,,,,,,,,,,,,,,,,
Hussain Sagar,August 2023,Hussain sagar Lake,1391,Lakes & Tanks ,1.6,7.44,,4.8,,,11,350.0,,,10.0,5.0,220.0,120.0,64.0,4.48,,238.0,,,80.0,,656.0,,28.0,,0.5,,0.89,,,68.csv,4.4,,,,3.3,,,,,,,,,,,,,,,,,,,,,,,,,,,2,,,,,,,,60.0,,21.38,0.96,,,150.0,88.0,1059.0,,,,,,,,,,,,,,,,,,,,,,,,,,
Osman Sagar (Gandipet),August 2023,"Pedda Cheruvu, Ibrahimbagh, Gandipet",5123,Lakes & Tanks ,station code : 4228 & 5123 are same,,,,,,,,,,,,,,,,,,,,,,,,,,,,,,,68.csv,,,,,,,,,,,,,,,,,,,,,,,,,,,,,,,,,,,,,,,,,,,,,,,,,,,,,,,,,,,,,,,,,,,,,,,,,,
Osman Sagar (Gandipet),September 2023,U/s of Musi at Gandipet (Osmansagar lake),1172,Lakes & Tanks ,6.1,7.05,,1.0,,,Less than 1.8,25.0,,,3.3,5,140.0,58.0,12.0,1.5,,165.0,,,28.0,,314.0,,10.0,,0.5,,0.83,,,69.csv,1.1,,,,0.96,,,,,,,,,,,,,,,,,,,,,,,,,,,Less than 1.8,,,Shamshabad,,,,,0.0,,40.09,0.4,,,110.0,55.0,530.0,,,,,,,,,,,,,,,,,,,,,,,,,,
Himayat Sagar,September 2023,Himayathsagar lake,1789,Lakes & Tanks ,6.2,7.71,,1.0,,,Less than 1.8,24.0,,,2.8,5,138.0,56.0,10.0,1.5,,145.0,,,28.0,,318.0,,10.0,,0.5,,0.88,,,69.csv,1.06,,,,0.99,,,,,,,,,,,,,,,,,,,,,,,,,,,Less than 1.8,,,RR-shamshabad,,,,,0.0,,35.23,0.4,,,90.0,55.0,528.0,,,,,,,,,,,,,,,,,,,,,,,,,,
Hussain Sagar,September 2023,Hussain sagar Lake,1391,Lakes & Tanks ,1,6.59,,6.0,,,120,540.0,,,12.0,5,245.0,226.0,66.0,3.6,,260.0,,,62.0,,710.0,,22.0,,0.5,,1.16,,,69.csv,4.2,,,,3.6,,,,,,,,,,,,,,,,,,,,,,,,,,,2,,,Hyderabad,,,,,0.0,,63.18,1.4,,,160.0,100.0,1149.0,,,,,,,,,,,,,,,,,,,,,,,,,,
Osman Sagar (Gandipet),September 2023,"Pedda Cheruvu, Ibrahimbagh, Gandipet",5123,Lakes & Tanks ,,,,,,,,,,,,,,,,,,,,,,,,,,,,,,,,69.csv,,,,,,,,,,,,,,,,,,,,,,,,,,,,,,,,,,,station code : 4228 & 5123 are same,,,,,,,,,,,,,,,,,,,,,,,,,,,,,,,,,,,,,,,
Osman Sagar (Gandipet),July 2018,"U/s of Musi at Gandipet (Osmansagar lake) (BM-Jan, Apr & Oct)",1172,River Musi,5.8,8.16,367.0,2,,,NIL,60,,,5.64,0.0,128.0,27.0,24.0,1.4,Less than 0.1,132.0,19.2,20.41,16.0,22.0,202.0,156,14.0,0.04,0.01,4.0,0.73,25.71,0.83,7.csv,0.16,,,,,,,,,,,,,,,,,,,,,,,,,,,,,,,,,,,,,,,,,,,,,,,,,,,,,,,,,,,,,,,,,,,,,,,,,
Hussain Sagar,July 2018,Hussain sagar Lake,1391,GHMC Areas Lakes /Tanks/ Cheruvus,0.9,7.76,1367.0,15,,,140,Greater than 1600,,,7.18,0.0,288.0,214.0,110.0,1.4,,360.0,186.0,35.23,67.0,136.0,855.0,650,31.0,4.4,0.76,15.0,1.19,31.9,2.39,7.csv,1.21,,,,,,,,,,,,,,,,,,,,,,,,,,,,,,,,,,,,,,,,,,,,,,,,,,,,,,,,,,,,,,,,,,,,,,,,,
Himayat Sagar,July 2018,"Himayathsagar lake (BM-Jan, Apr & Oct)",1789,HMDA Area Lakes,5.4,8.76,332.0,3,,,NIL,60,,,13.1,12.0,118.0,30.0,35.0,1.4,,114.0,15.2,18.47,9.0,24.0,194.0,160,6.0,0.02,0.01,6.0,0.54,29.85,0.97,7.csv,0.2,,,,,,,,,,,,,,,,,,,,,,,,,,,,,,,,,,,,,,,,,,,,,,,,,,,,,,,,,,,,,,,,,,,,,,,,,
Osman Sagar (Gandipet),October 2023,U/s of Musi at Gandipet (Osmansagar lake),1172,Lakes & Tanks ,6.2,7.51,444.0,1.0,,,Less than 1.8,24.0,,,8.0,5,120.0,46.0,10.0,1.5,,135.0,,,26.0,,280.0,,10.0,,0.5,,0.8,,,70.csv,1.2,,,,0.9,,,,,,,,,,,,,,,,,,,,,,,,,,,Less than 1.8,,,Shamshabad,RR-I,,,,32.8,,12.88,0.4,,,82.0,53.0,,,,,,,Warangal,06.10.2023,10.15 am,fishing,fishing,none,none,sunny,nil,yes,light green,odourless,,28,,,,,,,
Himayat Sagar,October 2023,Himayathsagar lake,1789,Lakes & Tanks ,6.2,7.38,547.0,1.1,,,Less than 1.8,23.0,,,6.2,5,140.0,62.0,12.0,1.5,,150.0,,,30.0,,328.0,,10.0,,0.5,,0.92,,,70.csv,1.08,,,,1.06,,,,,,,,,,,,,,,,,,,,,,,,,,,Less than 1.8,,,RR-shamshabad,Rangareddy - I,,,,35.2,,15.07,0.5,,,88.0,62.0,,,,,,,Central lab,06.10.2023,09.20 am,others,others,none,none,sunny,Greater than 100 m,yes,light green,clear,,27,,,,,,,
Hussain Sagar,October 2023,Hussain sagar Lake,1391,Lakes & Tanks ,0.3,7.04,1110.0,8.0,,,33,430.0,,,16.0,5,240.0,144.0,80.0,2.8,,255.0,,,80.0,,702.0,,30.0,,0.5,,1.12,,,70.csv,4.0,,,,4.2,,,,,,,,,,,,,,,,,,,,,,,,,,,4,,,Hyderabad,Hyderabad,,,,66.0,,21.87,1.4,,,165.0,90.0,,,,,,,Warangal,06.10.2023,06.30 am,others,"gardening,boatuing", citysewage,nil,sunny,1mts,no,light green,septic,,25,,,,,,,
Osman Sagar (Gandipet),October 2023,"Pedda Cheruvu, Ibrahimbagh, Gandipet",5123,Lakes & Tanks ,0.3,6.94,980.0,6.0,,,38,920.0,,,26.0,5,205.0,122.0,56.0,20.0,,330.0,,,66.0,,612.0,,20.0,,0.5,,1.44,,,70.csv,8.0,,,,3.66,,,,,,,,,,,,,,,,,,,,,,,,,,,3.6,,,station code : 4228 & 5123 are same,Ranga Reddy-I,,,,92.8,,23.81,8.4,,,232.0,98.0,,,,,,,Warangal,05.10.203,10.15 am,others,others,"domestic,sewage",none,sunny,1mts,none,light green,septic,,29,,,,,,,
Osman Sagar (Gandipet),November 2023,U/s of Musi at Gandipet (Osmansagar lake),1172,Lakes & Tanks ,6,7.69,444.0,1.8,,,Less than 1.8,26.0,,,6.0,5.0,142.0,45.0,20.0,1.5,,150.0,,,21.0,,244.0,230.0,10.0,,0.5,,0.48,,,71.csv,0.52,,,,0.42,,,,,,,,,,,,,,,,,,,,,,,,,,,Less than 1.8,,,Shamshabad,RR-I,,,,33.6,,16.04,0.4,,,84.0,66.0,,,,,,,Warangal,06.10.2023,10.15 am,fishing,fishing,none,none,sunny,nil,yes,light green,odourless,,28,,10.0,132.0,,,,
Himayat Sagar,November 2023,Himayathsagar lake,1789,Lakes & Tanks ,6.2,7.39,568.0,1.8,,,Less than 1.8,21.0,,,7.0,5.0,146.0,55.0,28.0,1.5,,165.0,,,38.0,,358.0,246.0,10.0,,0.5,,0.53,,,71.csv,0.45,,,,0.38,,,,,,,,,,,,,,,,,,,,,,,,,,,Less than 1.8,,,RR-shamshabad,Rangareddy - I,,,,36.0,,18.22,0.4,,,90.0,75.0,,,,,,,Central lab,06.10.2023,09.20 am,others,others,none,none,sunny,Greater than 100 m,yes,light green,clear,,27,,10.0,136.0,,,,
Hussain Sagar,November 2023,Hussain sagar Lake,1391,Lakes & Tanks ,1.8,7.49,1363.0,5.6,,,27,430.0,,,14.0,5.0,355.0,142.0,84.0,5.6,,370.0,,,72.0,,858.0,610.0,18.0,,0.5,,0.95,,,71.csv,3.82,,,,2.05,,,,,,,,,,,,,,,,,,,,,,,,,,,2,,,Hyderabad,Hyderabad,,,,78.0,,42.52,1.82,,,195.0,175.0,,,,,,,Warangal,06.10.2023,06.30 am,others,"gardening,boatuing", citysewage,nil,sunny,1mts,no,light green,septic,,25,,10.0,345.0,,,,
Osman Sagar (Gandipet),November 2023,"Pedda Cheruvu, Ibrahimbagh, Gandipet",5123,Lakes & Tanks ,station code : 4228 & 5123 are same,,,,,,,,,,,,,,,,,,,,,,,,,,,,,,,71.csv,,,,,,,,,,,,,,,,,,,,,,,,,,,,,,,,,,,station code : 4228 & 5123 are same,Ranga Reddy-I,,,,,,,,,,,,,,,,,,Warangal,05.10.203,10.15 am,others,others,"domestic,sewage",none,sunny,1mts,none,light green,septic,,29,,,,,,,
Osman Sagar (Gandipet),December 2023,U/s of Musi at Gandipet (Osmansagar lake),1172,Lakes & Tanks ,6,8.07,478.0,1.8,,,Less than 1.8,40.0,,,6.0,5.0,130.0,57.0,32.0,1.5,,136.0,,,12.0,,290.0,192.0,10.0,,0.5,,0.59,,,72.csv,0.42,,,,0.28,,,,,,,,,,,,,,,,,,,,,,,,,,,Less than 1.8,,,Shamshabad,RR-I,,,,72.0,,64.0,0.4,,,28.8,15.55,,,,,,,Warangal,07.12.2023,09.50 am,,"fishing,bathing,tourism spot",none,none,clear,Greater than 100 cm,yes,clear,odourfree,,28,,,,,,,
Himayat Sagar,December 2023,Himayathsagar lake,1789,Lakes & Tanks ,5.6,8.24,780.0,2.0,,,14,540.0,,,6.0,5.0,190.0,86.0,32.0,2.24,,196.0,,,42.0,,490.0,338.0,10.0,,0.5,,0.79,,,72.csv,1.26,,,,1.05,,,,,,,,,,,,,,,,,,,,,,,,,,,2,,,Medchal Malkajgiri,Rangareddy - II,,,,110.0,,86.0,0.4,,,44.0,20.9,,,,,,,Warangal,07.12.2023,08.10 am,,"bathing,washing,idol immersion,wading",none,none,clear,50-100cm,yes,clear,odourfree,,26.8,,,,,,,
Hussain Sagar,December 2023,Hussain sagar Lake,1391,Lakes & Tanks ,0.3,7.28,1308.0,8.0,,,17,350.0,,,10.0,5.0,314.0,156.0,121.0,6.72,,332.0,,,68.0,,824.0,640.0,14.0,,0.5,,0.85,,,72.csv,6.5,,,,3.16,,,,,,,,,,,,,,,,,,,,,,,,,,,2,,,Hyderabad,Hyderabad,,,,186.0,,146.0,3.86,,,74.4,35.48,,,,,,,Warangal,09.12.2023,10.30 am,,"boating,gardening,tourism spot",municipal sewage,municipal swewage,clear,50-100 cm,yes,light green,septic,,26,,,,,,,
Osman Sagar (Gandipet),December 2023,"Pedda Cheruvu, Ibrahimbagh, Gandipet",5123,Lakes & Tanks ,,,,,,,,,,,,,,,,,,,,,,,,,,,,,,,,72.csv,,,,,,,,,,,,,,,,,,,,,,,,,,,,,,,,,,,station code : 4228 & 5123 are same,,,,,,,,,,,,,,,,,,,,,,,,,,,,,,,,,,,,,,,
Osman Sagar (Gandipet),January 2024,U/s of Musi at Gandipet (Osmansagar lake),1172,Lakes & Tanks ,6.2,8.14,504.0,1.4,,,Less than 1.8,38,,,6.2,5,130.0,48.0,24.0,1.5,,132.0,,,34.0,,320.0,220.0,10.0,,0.5,,0.48,,,73.csv,0.56,,,,0.62,,,,,,,,,,,,,,,,,,,,,,,,,,,Less than 1.8,,,,,,,,34.4,,11.18,0.4,,,86.0,46.0,,,,,,,,,,,,,,,,,,,,,,,,,,,
Himayat Sagar,January 2024,Himayathsagar lake,1789,Lakes & Tanks ,6.2,8.19,540.0,1.4,,,Less than 1.8,47,,,8.0,5,135.0,52.0,20.0,1.5,,142.0,,,40.0,,350.0,260.0,10.0,,0.5,,0.56,,,73.csv,0.62,,,,0.68,,,,,,,,,,,,,,,,,,,,,,,,,,,Less than 1.8,,,,,,,,32.8,,14.58,0.4,,,82.0,60.0,,,,,,,,,,,,,,,,,,,,,,,,,,,
Hussain Sagar,January 2024,Hussain sagar Lake,1391,Lakes & Tanks ,0.3,7.42,1429.0,6.9,,,24,350,,,10.0,5,342.0,156.0,94.0,5.6,,360.0,,,89.0,,906.0,650.0,14.0,,0.5,,0.99,,,73.csv,7.34,,,,3.64,,,,,,,,,,,,,,,,,,,,,,,,,,,2,,,,,,,,84.0,,36.45,5.22,,,210.0,150.0,,,,,,,,,,,,,,,,,,,,,,,,,,,
Osman Sagar (Gandipet),January 2024,"Pedda Cheruvu, Ibrahimbagh, Gandipet",5123,Lakes & Tanks ,,,,,,,,,,,,,,,,,,,,,,,,,,,,,,,,73.csv,,,,,,,,,,,,,,,,,,,,,,,,,,,,,,,,,,,,,,,,,,,,,,,,,,,,,,,,,,,,,,,,,,,,,,,,,,
Osman Sagar (Gandipet),February 2024,U/s of Musi at Gandipet (Osmansagar lake),1172,Lakes & Tanks ,6,8.24,588.0,1.8,,,Less than 1.8,36,,,6.0,5,158.0,51.0,28.0,1.5,,164.0,,,40.0,,374.0,266.0,10.0,,0.5,,0.65,,,74.csv,2.84,,,,1.53,,,,,,,,,,,,,,,,,,,,,,,,,,,Less than 1.8,,,Shamshabad,,,,,37.6,,17.01,0.4,,,94.0,70.0,,,,,,,,,,,,,,,,,,,,,,,,,,,
Himayat Sagar,February 2024,Himayathsagar lake,1789,Lakes & Tanks ,6,7.73,668.0,1.8,,,Less than 1.8,25,,,24.0,5,150.0,78.0,18.0,1.5,,165.0,,,46.0,,414.0,260.0,12.0,,0.5,,0.2,,,74.csv,2.0,,,,0.2,,,,,,,,,,,,,,,,,,,,,,,,,,,Less than 1.8,,,Medchal Malkajgiri,,,,,42.0,,14.58,0.4,,,105.0,60.0,,,,,,,,,,,,,,,,,,,,,,,,,,,
Hussain Sagar,February 2024,Hussain sagar Lake,1391,Lakes & Tanks ,0.3,7.66,1536.0,10.0,,,94,920,,,26.0,5,350.0,182.0,110.0,9.8,,364.0,,,112.0,,968.0,600.0,32.0,,0.5,,1.46,,,74.csv,9.0,,,,3.16,,,,,,,,,,,,,,,,,,,,,,,,,,,40,,,Hyderabad,,,,,92.0,,32.56,2.2,,,230.0,134.0,,,,,,,,,,,,,,,,,,,,,,,,,,,
Osman Sagar (Gandipet),February 2024,"Pedda Cheruvu, Ibrahimbagh, Gandipet",5123,Lakes & Tanks ,Dry station code : 4228 & 5123 are same,,,,,,,,,,,,,,,,,,,,,,,,,,,,,,,74.csv,,,,,,,,,,,,,,,,,,,,,,,,,,,,,,,,,,,,,,,,,,,,,,,,,,,,,,,,,,,,,,,,,,,,,,,,,,
Osman Sagar (Gandipet),March 2024,U/s of Musi at Gandipet (Osmansagar lake),1172,Lakes & Tanks,6.1,7.95,622.0,1.0,,,Less than .1.8,13.0,,,4.0,5,130.0,80.0,8.0,2.8,,145.0,36.0,13.37,46,,386.0,240.0,14.0,,0.5,,0.24,,,75.csv,,,,,0.22,,,,,,,,,,,,,,,,,,,,,,,,,,,Less than 1.8,,,Shamshabad,,,,,,,,1.6,,,90.0,,,,,,,,,,,,,,,,,,,,,,,,,,,,
Himayat Sagar,March 2024,Himayathsagar lake,1789,Lakes & Tanks,0.3,7.74,710.0,18.0,,,Less than 1.8,17.0,,,3.0,5,125.0,112.0,195.0,2.8,,180.0,44.0,17.01,86,,440.0,280.0,12.0,,0.5,,1.42,,,75.csv,,,,,0.14,,,,,,,,,,,,,,,,,,,,,,,,,,,Less than 1.8,,,RR-shamshabad,,,,,,,,1.6,,,110.0,,,,,,,,,,,,,,,,,,,,,,,,,,,,
Hussain Sagar,March 2024,Hussain sagar Lake,1391,Lakes & Tanks,0.3,7.74,940.0,6.4,,,48,1600.0,,,28.0,5,188.0,180.0,80.0,11.2,,240.0,60.0,21.87,58,,580.0,480.0,66.0,,0.5,,1.44,,,75.csv,,,,,3.22,,,,,,,,,,,,,,,,,,,,,,,,,,,12,,,Hyderabad,,,,,,,,4.4,,,150.0,,,,,,,,,,,,,,,,,,,,,,,,,,,,
Osman Sagar (Gandipet),April 2024,U/s of Musi at Gandipet (Osmansagar lake),1172,Lakes & Tanks,6.1,8.1,539.0,1.8,,,Less than 1.8,63,,,2.2,10.0,195.0,49.0,37.0,1.5,,210.0,44.0,24.3,24.0,,320.0,190.0,24.0,,0.5,,0.46,,,76.csv,,,,,1.06,,,,,,,,,,,,,,,,,,0.02,0.03,0.15,0.03,0.1,0.01,0.11,,,Less than 1.8,,,,,,,,,,,0.4,,,110.0,100.0,,,,,,,,,,,,,,,,,,,,,,,,,,,
Himayat Sagar,April 2024,Himayathsagar lake,1789,Lakes & Tanks,6,8.0,614.0,1.8,,,Less than 1.8,58,,,2.8,20.0,210.0,78.0,41.0,1.5,,225.0,46.0,26.73,46.0,,368.0,220.0,32.0,,0.5,,0.55,,,76.csv,,,,,0.99,,,,,,,,,,,,,,,,,,0.02,0.03,0.03,0.05,0.1,0.01,0.18,,,Less than 1.8,,,,,,,,,,,0.4,,,115.0,110.0,,,,,,,,,,,,,,,,,,,,,,,,,,,
Hussain Sagar,April 2024,Hussain sagar Lake,1391,Lakes & Tanks,0.3,7.86,1587.0,10,,,58,920,,,36.0,5.0,295.0,210.0,160.0,5.6,,315.0,64.0,37.66,124.0,,950.0,570.0,66.0,,0.6,,0.65,,,76.csv,,,,,4.4,,,,,,,,,,,,,,,,,,0.02,0.03,0.01,0.03,0.1,0.05,0.24,,,2,,,,,,,,,,,0.8,,,160.0,155.0,,,,,,,,,,,,,,,,,,,,,,,,,,,
Osman Sagar (Gandipet),May 2024,U/s of Musi at Gandipet (Osmansagar lake),1172,Lakes & Tanks,5.6,7.77,533.0,1.2,,,Less than 1.8,33.0,,,17.0,5.0,110.0,78.0,8.0,1.5,,125.0,28.0,13.37,32.0,#,320.0,200.0,30.0,,0.5,#,0.72,#,#,77.csv,,,,,0.96,#,,,,,,,,,,,,,,,,,,,,,,,,,,Less than 1.8,,,Shamshabad,,,,,,,,0.4,,,70.0,55.0,,,,,,,,,,,,,,,,,,,,,,,,,,,
Himayat Sagar,May 2024,Himayathsagar lake,1789,Lakes & Tanks,6,7.73,616.0,1.6,,,Less than 1.8,34.0,,,2.8,5.0,110.0,88.0,10.0,1.5,,120.0,26.0,13.37,52.0,#,368.0,220.0,14.0,,0.5,#,0.86,#,#,77.csv,,,,,0.86,#,,,,,,,,,,,,,,,,,,,,,,,,,,Less than 1.8,,,RR-shamshabad,,,,,,,,0.4,,,65.0,55.0,,,,,,,,,,,,,,,,,,,,,,,,,,,
Hussain Sagar,May 2024,Hussain sagar Lake,1391,Lakes & Tanks,0.3,7.09,1411.0,10.0,,,240,920.0,,,18.0,5.0,320.0,186.0,112.0,9.8,,330.0,68.0,38.88,126.0,#,846.0,510.0,36.0,,0.5,#,1.1,#,#,77.csv,,,,,4.72,#,,,,,,,,,,,,,,,,,,,,,,,,,,1.8,,,Hyderabad,,,,,,,,4.2,,,170.0,160.0,,,,,,,,,,,,,,,,,,,,,,,,,,,
Osman Sagar (Gandipet),June 2024,U/s of Musi at Gandipet (Osmansagar lake),1172,Lakes & Tanks,6,8.62,548.0,1.0,,,Less than 1.8,22.0,,,4.0,20.0,140.0,76.0,15.0,1.5,,155.0,44.0,10.94,38.0,#,328.0,190.0,10.0,,0.5,#,0.2,#,#,78.csv,0.32,,#,,0.22,,,,,,,,,,,,,,,,,,,,,,,,,,,Less than 1.8,,,Shamshabad,,,,,,,,0.4,,,110.0,45.0,,,,,,,,,,,,,,,,,,,,,,,,,,,
Himayat Sagar,June 2024,Himayathsagar lake,1789,Lakes & Tanks,6.2,8.45,641.0,1.4,,,Less than 1.8,24.0,,,4.6,25.0,165.0,84.0,24.0,1.5,,175.0,46.0,14.58,56.0,#,368.0,220.0,10.0,,0.5,#,0.2,#,#,78.csv,0.34,,#,,0.27,,,,,,,,,,,,,,,,,,,,,,,,,,,Less than 1.8,,,RR-shamshabad,,,,,,,,0.4,,,115.0,60.0,,,,,,,,,,,,,,,,,,,,,,,,,,,
Hussain Sagar,June 2024,Hussain sagar Lake,1391,Lakes & Tanks,0.3,7.99,1392.0,6.0,,,350,540.0,,,12.0,5.0,295.0,162.0,68.0,8.4,,305.0,68.0,32.8,98.0,#,835.0,500.0,21.0,,0.5,#,0.97,#,#,78.csv,4.6,,#,,4.86,,,,,,,,,,,,,,,,,,,,,,,,,,,2,,,Hyderabad,,,,,,,,5.6,,,170.0,135.0,,,,,,,,,,,,,,,,,,,,,,,,,,,
Osman Sagar (Gandipet),July 2024,U/s of Musi at Gandipet (Osmansagar lake),1172,Lakes & Tanks,6.2,8.45,529.0,1.2,,,Less than 1.8,79.0,,,7.0,10,160.0,51.0,24.0,1.5,,190.0,44.0,19.44,38.0,#,320.0,220.0,95.0,,0.5,,0.2,#,#,79.csv,1.3,,,,0.26,,,,,,,,,,,,,,,,,,,,,,,,,,,Less than 1.8,,,Shamshabad,,,,,,,,0.4,,,110.0,80.0,,,,,,,,,,,,,,,,,,,,,,,,,,,
Himayat Sagar,July 2024,Himayathsagar lake,1789,Lakes & Tanks,6.2,8.29,672.0,1.2,,,Less than 1.8,40.0,,,10.0,6,185.0,64.0,28.0,1.5,,220.0,48.0,24.3,38.0,#,416.0,280.0,10.0,,0.5,,0.28,#,#,79.csv,1.77,,,,0.32,,,,,,,,,,,,,,,,,,,,,,,,,,,Less than 1.8,,,RR-shamshabad,,,,,,,,0.4,,,120.0,100.0,,,,,,,,,,,,,,,,,,,,,,,,,,,
Hussain Sagar,July 2024,Hussain sagar Lake,1391,Lakes & Tanks,0.3,7.7,1331.0,12.0,,,24,430.0,,,18.0,5,370.0,140.0,154.0,14.5,,355.0,76.0,40.09,84.0,#,826.0,570.0,10.0,,0.5,,1.04,#,#,79.csv,4.22,,,,4.86,,,,,,,,,,,,,,,,,,,,,,,,,,,4.5,,,Hyderabad,,,,,,,,3.92,,,190.0,165.0,,,,,,,,,,,,,,,,,,,,,,,,,,,
Osman Sagar (Gandipet),August 2018,"U/s of Musi at Gandipet (Osmansagar lake) (BM-Jan, Apr & Oct)",1172,River Musi,5.6,8.44,376.0,3,,,30,120,,,4.64,10.0,130.0,29.0,34.0,Less than  1,,135.0,28.0,15.79,12.0,20.0,221.0,159.0,9.0,0.04,Less than 0.01,5.0,0.2,23.41,0.75,8.csv,0.22,,,,,,,,,,,,,,,,,,,,,,,,,,,,,,,,,,,,,,,,,,,,,,,,,,,,,,,,,,,,,,,,,,,,,,,,,
Hussain Sagar,August 2018,Hussain sagar Lake,1391,GHMC Areas Lakes /Tanks/ Cheruvus,1,7.51,1530.0,19,,,480,800,,,15.36,0.0,380.0,184.0,91.0,2.8,,420.0,178.0,54.67,68.0,132.0,920.0,726.0,9.0,8.72,0.69,18.0,2.01,29.2,2.21,8.csv,18.33,,,,,,,,,,,,,,,,,,,,,,,,,,,,,,,,,,,,,,,,,,,,,,,,,,,,,,,,,,,,,,,,,,,,,,,,,
Himayat Sagar,August 2018,"Himayathsagar lake (BM-Jan, Apr & Oct)",1789,HMDA Area Lakes,5.2,8.24,329.0,3,,,30,120,,,6.12,10.0,110.0,30.0,47.0,Less than  1,,100.0,24.0,9.72,14.0,28.0,196.0,142.0,6.0,0.07,Less than 0.01,6.0,0.52,36.0,1.21,8.csv,0.28,,,,,,,,,,,,,,,,,,,,,,,,,,,,,,,,,,,,,,,,,,,,,,,,,,,,,,,,,,,,,,,,,,,,,,,,,
Osman Sagar (Gandipet),August 2024,U/s of Musi at Gandipet (Osmansagar lake),1172,Lakes & Tanks,5.3,7.62,592.0,1.2,,0.7,Less than 1.8,32.0,,,22.0,5.0,165.0,71.0,19.0,1.5,,180.0,38.0,20.66,35.3,,378,240.0,34.0,,0.5,,0.24,#,#,80.csv,0.4,,,,0.9,,,,,,,,,,,,,,,,,,,,,,,,,,,Less than 1.8,,,Shamshabad,,,,,,,,0.4,,,95.0,85.0,,,,,,,,,,,,,,,,,,,,,,,,,,,
Himayat Sagar,August 2024,Himayathsagar lake,1789,Lakes & Tanks,6.2,7.63,756.0,1.4,,0.9,Less than 1.8,46.0,,,12.0,5.0,180.0,88.0,24.0,1.5,,190.0,40.0,21.87,47.7,,476,300.0,24.0,,0.5,,0.46,#,#,80.csv,0.3,,,,0.81,,,,,,,,,,,,,,,,,,,,,,,,,,,Less than 1.8,,,RR-shamshabad,,,,,,,,0.4,,,100.0,90.0,,,,,,,,,,,,,,,,,,,,,,,,,,,
Hussain Sagar,August 2024,Hussain sagar Lake,1391,Lakes & Tanks,0.8,7.7,1492.0,5.8,,,64,430.0,,,44.0,5.0,375.0,160.0,69.0,8.96,,385.0,78.0,46.17,71.2,,926,580.0,56.0,,0.52,,0.99,#,#,80.csv,3.2,,,,4.32,,,,,,,,,,,,,,,,,,,,,,,,,,,4,,,Hyderabad,,,,,,,,4.48,,,195.0,190.0,,,,,,,,,,,,,,,,,,,,,,,,,,,
Osman Sagar (Gandipet),September 2024,U/s of Musi at Gandipet (Osmansagar lake),1172,Lakes & Tanks,6.1,7.98,486.0,1.2,,,Less than 1.8,33.0,,,8.0,5.0,110.0,64.0,16.0,1.5,,120.0,80.0,40.0,34.0,,296.0,180.0,10.0,,0.5,,0.53,#,#,81.csv,0.7,,,,0.23,,,,,,,,,,,,,,,,,,,,,,,,,,,Less than 1.8,,,Shamshabad,,,,,,,,0.4,,,32.0,9.72,,,,,,,,,,,,,,,,,,,,,,,,,,,
Himayat Sagar,September 2024,Himayathsagar lake,1789,Lakes & Tanks,6.3,8.15,575.0,1.2,,,Less than 1.8,39.0,,,10.0,5.0,120.0,71.0,20.0,1.5,,140.0,85.0,55.0,44.0,,368.0,240.0,10.0,,0.5,,0.59,#,#,81.csv,0.8,,,,0.23,,,,,,,,,,,,,,,,,,,,,,,,,,,Less than 1.8,,,RR-shamshabad,,,,,,,,0.4,,,34.0,13.37,,,,,,,,,,,,,,,,,,,,,,,,,,,
Hussain Sagar,September 2024,Hussain sagar Lake,1391,Lakes & Tanks,0.3,7.19,1053.0,8.0,,,26,350.0,,,22.0,5.0,210.0,135.0,84.0,9.52,,230.0,110.0,120.0,74.0,,652.0,420.0,16.0,,0.5,,0.83,#,#,81.csv,3.6,,,,4.86,,,,,,,,,,,,,,,,,,,,,,,,,,,2,,,Hyderabad,,,,,,,,3.36,,,44.0,29.16,,,,,,,,,,,,,,,,,,,,,,,,,,,
Osman Sagar (Gandipet),October 2024,U/s of Musi at Gandipet (Osmansagar lake),1172,Lakes & Tanks,6.2,7.69,471.0,1.0,,,Less than 1.8,32.0,,,5.0,5.0,130.0,47.0,8.0,1.5,,140.0,75.0,65.0,28.0,#,296.0,190.0,10.0,,0.5,,0.89,#,#,82.csv,1.4,,,,0.22,,,,,,,,,,,,,,,,,,,,,,,,,,,Less than 1.8,,,Shamshabad,,,,,,,,0.4,,,30.0,15.79,,,,,,,,,,,,,,,,,,,,,,,,,,,
Himayat Sagar,October 2024,Himayathsagar lake,1789,Lakes & Tanks,6.2,7.13,543.0,1.0,,,Less than 1.8,33.0,,,6.0,5.0,120.0,64.0,12.0,1.5,,130.0,60.0,70.0,48.0,#,336.0,220.0,10.0,,0.5,,0.63,#,#,82.csv,2.2,,,,0.23,,,,,,,,,,,,,,,,,,,,,,,,,,,Less than 1.8,,,RR-shamshabad,,,,,,,,0.4,,,24.0,17.01,,,,,,,,,,,,,,,,,,,,,,,,,,,
Hussain Sagar,October 2024,Hussain sagar Lake,1391,Lakes & Tanks,0.3,6.99,1170.0,6.0,,,22,350.0,,,22.0,5.0,245.0,142.0,76.0,8.4,,260.0,120.0,140.0,76.0,#,738.0,480.0,26.0,,0.5,,1.13,#,#,82.csv,8.1,,,,4.88,,,,,,,,,,,,,,,,,,,,,,,,,,,2,,,Hyderabad,,,,,,,,2.8,,,48.0,34.02,,,,,,,,,,,,,,,,,,,,,,,,,,,
Osman Sagar (Gandipet),November 2024,U/s of Musi at Gandipet (Osmansagar lake),1172,Lakes & Tanks,6.4,7.51,531.0,1,,,Less than 1.8,49.0,,,6.0,5,185.0,51.0,12.0,1.5,,90.0,20.0,10.0,33.0,#,330.0,220.0,15.0,,0.5,,0.55,#,#,83.csv,1.6,,,,0.33,,,,,,,,,,,,,,,,,,,,,,,,,,,Less than 1.8,,,Shamshabad,,,,,,,,0.4,,,50.0,40.0,,,,,,,,,,,,,,,,,,,,,,,,,,,
Himayat Sagar,November 2024,Himayathsagar lake,1789,Lakes & Tanks,6.3,7.37,328.0,1,,,Less than 1.8,40.0,,,8.0,5,95.0,36.0,12.0,1.5,,110.0,22.0,13.0,28.0,#,210.0,120.0,10.0,,0.5,,0.49,#,#,83.csv,2.6,,,,0.32,,,,,,,,,,,,,,,,,,,,,,,,,,,Less than 1.8,,,RR-shamshabad,,,,,,,,0.4,,,55.0,55.0,,,,,,,,,,,,,,,,,,,,,,,,,,,
Hussain Sagar,November 2024,Hussain sagar Lake,1391,Lakes & Tanks,0.3,7.48,888.0,8,,,40,430.0,,,28.0,5,180.0,137.0,87.0,10.08,,310.0,64.0,36.0,82.0,#,540.0,588.0,15.0,,0.5,,1.24,#,#,83.csv,7.6,,,,1.32,,,,,,,,,,,,,,,,,,,,,,,,,,,4.5,,,Hyderabad,,,,,,,,5.6,,,160.0,150.0,,,,,,,,,,,,,,,,,,,,,,,,,,,
Osman Sagar (Gandipet),September 2018,"U/s of Musi at Gandipet (Osmansagar lake) (BM-Jan, Apr & Oct)",1172,River Musi,5.4,7.48,340.0,3.0,,,NIL,103,,,4.48,0.0,115.0,31.0,48.0,BDL,,125.0,26.0,14.58,10.0,22.57,190.0,,6.0,0.92,0.24,2.0,0.24,27.66,0.88,9.csv,0.28,,,,,,,,,,,,,,,,,,,,,,,,,,,,,,,,,,,,,,,,,,,,,,,,,,,,,,,,,,,,,,,,,,,,,,,,,
Hussain Sagar,September 2018,Hussain sagar Lake,1391,GHMC Areas Lakes /Tanks/ Cheruvus,NIL,7.49,1204.0,22.0,,,340,530,,,4.34,0.0,225.0,178.0,132.0,5.6,,366.95,76.0,43.0,42.14,99.0,840.0,,12.0,8.0,0.08,10.0,1.68,36.04,2.24,9.csv,14.25,,,,,,,,,,,,,,,,,,,,,,,,,,,,,,,,,,,,,,,,,,,,,,,,,,,,,,,,,,,,,,,,,,,,,,,,,
Himayat Sagar,September 2018,"Himayathsagar lake (BM-Jan, Apr & Oct)",1789,HMDA Area Lakes,5.6,9.2,321.0,3.0,,,17,91,,,2.52,0.0,80.0,27.0,31.0,BDL,,91.15,20.0,10.0,28.0,34.0,185.0,,3.0,0.65,0.66,2.0,0.66,43.96,1.54,9.csv,0.31,,,,,,,,,,,,,,,,,,,,,,,,,,,,,,,,,,,,,,,,,,,,,,,,,,,,,,,,,,,,,,,,,,,,,,,,,
